name,mascot,city,state,primary_color,secondary_color,team_logo_image
A&M Consolidated,Tigers,College Station,TX,#800000,#FFFFFF,
A+ Academy,Knights,Dallas,TX,#1F4FBF,#C8102E,
Abbeville,Panthers,Abbeville,SC,#760304,#EBE4DC,
Abbeville,Wildcats,Abbeville,LA,#E80B26,#EBE4DC,
Abernathy,Antelopes,Abernathy,TX,#A06060,#F0F0F0,
Abilene,Eagles,Abilene,TX,#000000,#A88A4C,
Academy,Bears,Somerset,TX,#0B1F4D,#B0B0B0,
Acadiana,Rams,Lafayette,LA,#014421,#C5B358,
Achieve,Polar Bears,Austin,TX,#e6e6fa,#FFFFFF,
Ada,Cougars,Ada,OK,#7A1E2C,#D3CFCD,
Adair,Warriors,Adair,OK,#1F7A3A,#FFFFFF,
Adams,Cougars,Dallas,TX,#000000,#00A651,
Adamson,Leopards,Dallas,TX,#1E5FA8,#FFFFFF,
Afton,Eagles,Afton,OK,#0B1F4D,#C8102E,
Agua Dulce,Longhorns,Agua Dulce,TX,#760C22,#FFFFFF,
Akins,Eagles,Austin,TX,#132E4A,#656D71,
Alamo Heights,Mules,San Antonio,TX,#003FF7,#CAB87C,
Alba,Golden Panthers,Golden,TX,#D62828,#FFFFFF,
Albany,Hornets,Albany,LA,#090706,#D6CFD0,
Albany,Lions,Albany,TX,#D62828,#FFFFFF,
Aldine,Mustangs,Aldine,TX,#0033A0,#FFFFFF,
Aldine,Vikings,Bossier City,LA,,,
Aledo,Bearcats,Aledo,TX,#000000,#FFA500,
Alex,Longhorns,Alex,OK,#544E48,#B8A465,
Alexander,Trojans,Alexander,LA,,,
Alexander,Bulldogs,Laredo,TX,#000000,#FFB81C,
Alice,Coyotes,Alice,TX,#CC5500,#FFFFFF,
All Saints,Saints,Fort Worth,TX,#0B1F4D,#FFFFFF,
All Saints,Trojans,Tyler,TX,#0B1F4D,#FFFFFF,
Allen,,,OK,,,
Allen,Eagles,Allen,TX,#001058,#C72E38,
Allen Academy,Rams,Bryan,TX,#FFC72C,#0B1F4D,
Allendale-Fairfax,Tigers,Allendale,SC,#000000,#FFFFFF,
Alpha Omega,Lions,Huntsville,TX,,,
Alpine,Bucks,Alpine,TX,#7b68ee,#FFDF00,
Alto,Yellow Jackets,Alto,TX,#000000,#d9a750,
Alva,,,OK,,,
Alva,Goldbugs,,OK,,,
Alvarado,Indians,Alvarado,TX,#e6e6fa,#D4AF37,
Alvin,Yellow Jackets,Alvin,TX,#228b22,#001700,
Alvord,Bulldogs,Alvord,TX,#000000,#d9a750,
Amarillo,Sandies,Amarillo,TX,#EDEEF2,#C8880A,
American Heritage,Patriots,Plantation,FL,#000000,#CFB53B,
Americas,Trail Blazers,El Paso,TX,#1F4FBF,#C8102E,
Amherst,Bulldogs,Amherst,TX,,,
Amite,Warriors,Amite,LA,,,
Anadarko,,,OK,,,
Anahuac,Panthers,Anahuac,TX,#000000,#d9a750,
Anderson,Trojans,Austin,TX,#1569C7,#FFDF00,
Anderson-Shiro,Fighting Owls,Anderson,TX,#61729F,#FFFFFF,
Andress,Golden Eagles,El Paso,TX,#7A1E2C,#C2A15A,
Andrew Jackson,Volunteers,Kershaw,SC,#FF8C00,#FFFFFF,
Andrews,Mustangs,Andrews,TX,#000000,#FFD700,
Angleton,Wildcats,Angleton,TX,#916FA1,#EEEEF2,
Anna,Coyotes,Anna,TX,#e6e6fa,#FFFFFF,
Annapolis,Warriors,Corpus Christi,TX,,,
Anson,Tigers,Anson,TX,#A9394A,#1E1920,
Anthony,Wildcats,Anthony,TX,#8F85B8,#E0CFDF,
Antlers,,,OK,,,
Anton,Bulldogs,Anton,TX,#75598B,#C1965A,
Antonian,Apaches,San Antonio,TX,,,
Apache,,,OK,,,
Aransas Pass,Panthers,Aransas Pass,TX,#BCA255,#BCA255,
Arcadia,Hornets,Arcadia,LA,,,
Archer City,Wildcats,Archer City,TX,#1B1C21,#D8DAEA,
Ardmore,,,OK,,,
Argyle,Eagles,Argyle,TX,#000000,#ED2024,
Arkoma,,,OK,,,
Arlington,Colts,Arlington,TX,#4CBB17,#FFFFFF,
Arlington Heights,Lions,Corpus Christi,TX,,,
Arlington Heights,Yellow Jackets,Fort Worth,TX,#0B2A5B,#FFC72C,
Armwood,Hawks,Seffner,FL,#0033A0,#808080,
Arp,Tigers,Arp,TX,#64313C,#F3F0F0,
Ascension Catholic,Bulldogs,Donaldsonville,LA,,,
Ascension Christian,Lions,Gonzales,LA,,,
Aspermont,Hornets,Aspermont,TX,,,
Assumption,Mustangs,Napoleonville,LA,,,
Atascocita,Eagles,Humble,TX,#C8102E,#FFFFFF,
Athens,Hornets,Athens,TX,#6B2A2E,#1B1B1B,
Atlanta,Jackrabbits,Atlanta,TX,#800000,#FFFFFF,
Atlantic,Eagles,Delray Beach,FL,#4CBB17,#FFFFFF,
Atlus,,,OK,,,
Atoka,,,OK,,,
Aubrey,Chaparrals,Aubrey,TX,#041833,#BC0125,
Austin,Maroons,Austin,TX,#723A40,#F2EDEB,
Austin,Panthers,El Paso,TX,#000000 ,#F05A28,
Austin,Bulldogs,Fort Bend,TX,#000000,#C8102E,
Austin,Mustangs,Houston,TX,#111111,#006341,
Avoyelles,Mustangs,Moreauville,LA,,,
Avoyelles Public Charter ,Vikings,Mansura,LA,,,
Axtell,Longhorns,Axtell,TX,#C45A1A,#EFE6D8,
Aynor,Blue Jackets,Aynor,SC,#011F5B,89cff0,
Azle,Hornets,Azle,TX,#1F7A4D,#F2F4F3,
Bad Axe,Hatchets,Bad Axe,MI,,,
Baird,Bears,Baird,TX,#9E2A2F,#F3F2F1,
Baker,Buffaloes,Baker,LA,,,
Balko/Forgan,,,OK,,,
Ball,Golden Tornadoes,Galveston,TX,#800080,#FFD700,
Ballinger,Bearcats,Ballinger,TX,#000000,#FFFFFF,
Balmorhea,Bears,Balmorhea,TX,,,
Bamberg-Ehrhardt,Red Raiders,Bamberg,SC,#800000,#000000,
Bandera,Bulldogs,Bandera,TX,#0000FF,#FFFFFF,
Bangs,Dragons,Bangs,TX,#4CBB17,#FFFFFF,
Banquete,Bulldogs,Aransas Pass,TX,#1F6F43,#F2F3F2,
Baptist,Bears,San Marcos,TX,,,
Barbe,Buccaneers,Lake Charles,LA,,,
Barbers Hill,Eagles,Mont Belvieu,TX,#1F4FA3,#F4F5F6,
Barnsdall,,,OK,,,
Barnwell,War Horses,Barnwell,SC,#FF0000,#FFFFFF,
Bartlesville,Bruins,,OK,,,
Bartlett,Bulldogs,Bartlett,TX,#1F4ED8,#FFFFFF,
Basile,Bearcats,Basile,LA,,,
Bastrop,Bears,Bastrop,TX,#800000,#FFFFFF,
Baton Rouge Magnet,Bulldogs,Baton Rouge,LA,,,
Battery Creek,Dolphins,Beaufort,SC,#000000,#FFDF00,
Bay Area Christian,Broncos,League City,TX,,,
Bay City,Black Cats,Bay City,TX,#18439F,#E8B828,
Beaver,,,OK,,,
Beckville,Bearcats,Beckville,TX,#1F4FB2,#FFFFFF,
Beekman Charter,Tigers,Bastrop,LA,,,
Beeville (A.C. Jones),Trojans,Beeville,TX,#C55A2A,#F2F0EA,
Beeville Jones,Trojans,,,,,
Belaire,Bengal,Baton Rouge,LA,,,
Belaire,Highlanders,El Paso,TX,#D62828,#000000,
Belen Jesuit,Wolverines,Miami,FL,#003366,#C5A000,
Bellaire,Cardinals,Houston,TX,,,
Belle Chasse,Cardinals,Belle Chasse,LA,,,
Bells,Panthers,Bells,TX,#111214,#E4572E,
Bellville,Brahmas,Bellville,TX,#FF0000,#FFFFFF,
Belton,Tigers,Belton,TX,#C8102E,#FFFFFF,
Ben Bolt,Badgers,Ben Bolt,TX,#1F4FA3,#FFFFFF,
Benbrook,bobcats,Benbrook,TX,#000000,#FFD100,
Benjamin,Mustangs,Benjamin,TX,,,
Benton,Tigers,Benton,LA,,,
Berkeley,Yellow Jackets,CA,,,,
Berkeley,Stags,Moncks Corner,SC,#0000FF,#D4AF37,
Berkner,Rams,Richardson,TX,#00843D,#000000,
Berkshire,Badgers,Burton,OH,#2E174F,#D0D0EC,
Berryhill,,,OK,,,
Bertram,Black Panthers,Bertram,TX,#000000,#C0C0C0,
Bethany,,,OK,,,
Bethany,Broncos,,OK,,,
Bethel,,,OK,,,
Bible Academy,,,OK,,,
Big Sandy,Wildcats,Big Sandy,TX,#5B2D8B,#FFFFFF,
Big Spring,Steers,Big Spring,TX,#0F0F10,#D4AF37,
Billings,,,OK,,,
Birdville,Hawks,North Richland Hills,TX,#1B5E20,#F5E6A8,
Bishop,Badgers,Bishop,TX,#0B8F3C,#FFD100,
Bishop Kelley,,,OK,,,
Bishop Kelly,Comets,Tulsa,OK,,,
Bishop Lynch,Friars,Dallas,TX,#000000,#FFFFFF,
Bishop McGuinness,,,OK,,,
Bishop-England,Battlin Bishops,Daniel Island,SC,#4CBB17,#FFFFFF,
Bishop-Gorman,Gauls,Las Vegas,NV,#0033A0,#FF6600,
Bixby,Spartans,Bixby,OK,,,
Blackwell,Hornets,Blackwell,TX,#007A5E,#FFFFFF,
Blanchard,Lions,,OK,,,
Blanco,Panthers,Blanco,TX,#0000FF,#FFD700,
Blanket,Tigers,Blanket,TX,,,
Block,Bears,Jonesville,LA,,,
Blooming Grove,Lions,Blooming Grove,TX,#1F4FBF,#FFFFFF,
Bloomington,Bobcats,Bloomington,TX,,,
Blue Ridge,Tigers,Blue Ridge,TX,#1B5E20,#FFFFFF,
Bluejacket,,,OK,,,
Bluff Dale,Bobcats,Bluff Dale,TX,#1F7A3A,#FFFFFF,
Boerne,Grayhounds,Boerne,TX,#e6e6fa,#FFFFFF,
Bogalusa,Lumberjacks,Bogalusa,LA,,,
Bogota Rivercrest,Rebels,,TX,,,
Boise City,,,OK,,,
Boles,Hornets,Quinlan,TX,,,
Boles,Hornets,Quinlan,TX,,,
Boling,Bulldogs,Boling,TX,#12A06E,#AAADBE,
Bolton Academy,Bears,Alexandria,LA,,,
Bonham,Purple Warriors,Bonham,TX,,,
Booker,Kiowas,Booker,TX,,,
Booker T Washington,,,OK,,,
Booker T Washington,Lions,Shreveport,LA,,,
Borden County,Coyotes,,TX,,,
Borger,Bulldogs,Borger,TX,#E2231A,#FFFFFF,
Bosqueville,Bulldogs,Bosqueville,TX,#000000,#6CB4EE,
Bossier,Bearkats,Bossier City,LA,,,
Boswell,Pioneers,Saginaw,TX,#03329F,#8F96B4,
Bovina,Mustangs,Bovina,TX,,,
Bowie,Volunteers,Arlington,TX,#E8864A,#26262B,
Bowie,Bulldawgs,Austin,,,,
Bowie,Bulldogs,Austin,TX,#020202,#FDFDFD,
Bowie,Jackrabbits,Bowie,TX,#5A1E2C,#FFFFFF,
Bowie,Bears,El Paso,TX,,,
Bowlegs,,,OK,,,
Boyd,Yellow Jackets,Boyd,TX,#1F7A3A,#FFC72C,
Boyd,Broncos,McKinney,TX,,,
Boys Ranch,Rough Riders,,TX,,,
Bracken Christian,Warriors,Bulverde,TX,,,
Brackenridge,Eagles,San Antonio,TX,,,
Brackettville,Tigers,Brackettville,TX,,,
Brady,Bulldogs,Brady,TX,#000000,#C5B358,
Brandeis,Broncos,San Antonio,TX,,,
Braswell,Bengals,Denton,TX,,,
Bray-Doyle,,,OK,,,
Brazos,Cougars,Wallis,TX,#000000,#C8102E,
Brazosport,Exporters,Freeport,TX,,,
Brazosport Christan,Eagles,Lake Jackson,TX,,,
Breaux Bridge,Tigers,Breaux Bridge,LA,,,
Breckenridge,Buckaroos,Breckenridge,TX,#1F7A3A,#FFFFFF,
Bremond,Tigers,Bremond,TX,,,
Brenham,Cubs,Brenham,TX,#4CBB17,#FFFFFF,
Brennan,Bears,San Antonio,TX,#000000,#FFD100,
Brentwood Christian,Bears,Austin,TX,,,
Brewer,Eagles,White Settlement,TX,,,
Bridge City,,,OK,,,
Bridge City,Cardinals,Bridge City,TX,#D62828,#FFFFFF,
Bridgeland,Bears,Cypress,TX,,,
Bridgeport,Bulls,Bridgeport,TX,#800000,#FFFFFF,
Bristow,,,OK,,,
Broadmoor,Buccaneers,Baton Rouge,LA,,,
Brock,Eagles,Brock,TX,#0000FF,#FFD700,
Broken Arrow,Tigers,,OK,,,
Broken Bow,Savages,,OK,,,
Bronte,Longhorns,,TX,,,
Brook Hill,Guard,Bullard,TX,,,
Brookesmith,Mustangs,Brookesmith,TX,,,
Brown City,Green Devils,Brown City,MI,,,
Brownfield,Cubs,Brownfield,TX,#1F4FBF,#FFFFFF,
Brownsboro,Bears,Brownsboro,TX,,,
Brownwood,Lions,Brownwood,TX,#654321,#FFFFFF,
Bruceville-Eddy,Eagles,Eddy,TX,,,
Brumi,Badgers,,TX,,,
Bruni,Badgers,Bruni,TX,#0206AA,#F4F7FA,
Bryan,Vikings,Bryan,TX,,,
Bryson,Cowboys,Bryson,TX,,,
Buckeye,Panthers,Alexandria,LA,,,
Buckeye,Panthers,Alexandria,LA,,,
Buckeye,Panthers,Alexandria,LA,,,
Buckholts,Dragons,Buckholts,TX,,,
Buena Vista,Longhorns,,TX,,,
Buenavidas,Eagles,,TX,,,
Buffalo,Bison,Buffalo,TX,,,
Bullard,Panthers,Bullard,TX,#D62828,#FFFFFF,
Buna,Cougars,Buna,TX,,,
Bunkie,Panthers,Rankin,LA,,,
Burbank,Bulldogs,San Antonio,TX,,,
Burges,Mustangs,El Paso,TX,,,
Burkburnett,Bulldogs,Burkburnett,TX,,,
Burkeville,Mustangs,Burkeville,TX,,,
Burleson,Elks,Burleson,TX,#000000,#800000,
Burnet,Bulldogs,Burnet,TX,#4CBB17,#FFFFFF,
Burns Flat-Dill City,,,OK,,,
Burton,Panthers,Burton,TX,,,
Bush,Broncos,Fort Bend,TX,,,
Bushland,Falcons,Bushland,TX,,,
Bynum,Bulldogs,Bynum,TX,,,
Byron Nelson,Bobcats,,TX,,,
C.E. Byrd,Yellow Jackets,Shreveport,LA,,,
C.E. King,Panthers,Sheldon,TX,,,
Cache,,,OK,,,
Caddo,,,OK,,,
Caddo Magnet,Mustangs,Shreveport,LA,,,
Caddo Mills,Foxes,Caddo Mills,TX,#387B6C,#B2CAD8,
Cain,Hurricanes,Klein,TX,#800080,#C0C0C0,
Calallen,Wildcats,Corpus Christi,TX,,,
Caldwell,Hornets,Caldwell,TX,#DE5842,#B2B0BA,
Caldwell Parish,Spartans,Columbia,LA,,,
Calhoun,Sandcrabs,Port Lavaca,TX,,,
Callisburg,Wildcats,Callisburg,TX,#311A2C,#C3C0F2,
Calvary Baptist Academy,Cavaliers,Shreveport,LA,,,
Calvert,Trojans,Calvert,TX,,,
Cameron Yoe,Yoemen,Cameron,TX,#800000,#FFFFFF,
Canadian,,,OK,,,
Canadian,Wildcats,Canadian,TX,#181B1D,#C1B2A6,
Caney Creek,Panthers,Conroe,TX,,,
Caney Valley,,,OK,,,
Canton,,,OK,,#7E7F88,
Canton,Eagles,Canton,TX,#0B2D2E,#7E7F88,
Canutillo,Eagles,Canutillo,TX,#A8170B,#A8170B,
Canyon,Eagles,Canyon,TX,#000000,#C8102E,
Canyon,Cougars,New Braunfels,TX,,,
Canyon Lake,Hawks,Fischer,TX,#006400,#FFFFFF,
Capito,Lions,Baton Rouge,LA,,,
Capitol Hill,,,OK,,,
Caprock,Longhorns,Amarillo,TX,#FF6600,#FFFFFF,
Captain Shreve,Gators,Shreveport,LA,,,
Carencro,Bears,Carencro,LA,,,
Carl Albert,Titans,Midwest City,OK,,,
Carlisle,Indians,Henderson,TX,#1F4FBF,#FFD100,
Carmi,Bulldogs,Carmi,IL,,,
Carnegie,Wildcats,Carnegie,OK,#D62828,#000000,
Carolina,Trojans,Greenville,SC,#FB6A00,#003057,
Carrizo Springs,Wildcats,Carrizo Springs,TX,#2A248A,#AAADBE,
Carroll,Tigers,Corpus Christi,TX,,,
Carter,Cowboys,Dallas,TX,#FF0000,#C4D8E2,
Carter-Riverside,Eagles,Fort Worth,TX,,,
Carthage,Bulldogs,Carthage,TX,#FF0000,#FFFFFF,
Casady,,,OK,,,
Cashion,,,OK,,,
Cashion,Wildcats,,OK,,,
Castle Hall,Commandos,Tulsa,OK,,,
Castleberry,lIONS,Fort Worth,TX,,,
Cathedral,Irish,El Paso,TX,,,
Catholic,Bears,Baton Rouge,LA,,,
Catholic,Panthers,New Iberia,LA,,,
Catholic,Hornets,Pointe Coupee,LA,,,
Catholic B.R,Bears,LA,,,,
Catholic-B.R._vs._Acadiana_(LHSAA_Division_I_Select_Semifinal),,,,,,
Catoosa,,,OK,,,
Cave Springs,,,OK,,,
Cayuga,Wildcats,Cayuga,TX,#0C0B18,#A6B3CF,
Cecilia,Bullodgs,Cecilia,LA,,,
Cedar Creek,Eagles,Cedar Creek,TX,#000000,#FFFFFF,
Cedar Creek,Cougars,Ruston,LA,,,
Cedar Hill,Longhorns,Cedar Hill,TX,,,
Cedar Park,Timber Wolves,Cedar Park,TX,#024b30,#000000,
Cedar Ridge,Raiders,Round Rock,TX,,,
Celeste,Blue Devils,Celeste,TX,,,
Celina,Bobcats,Celina,TX,#FFA500,#FFFFFF,
Centennial,Spartans,Burleson,TX,#0206AA,#F4F7FA,
Centennial,Titans,Frisco,TX,,,
Center,Rough Riders,Center,TX,#4B0082,#FFD700,
Center Point,Pirates,Center Point,TX,,,
Centerville,Bulldogs,Centerville,LA,,,
Centerville,Tigers,Centerville,TX,,,
Centex Sports Association,Outlaws,,TX,,,
Central,Wildcats,Central,LA,,,
Central,Chargers,Keller,TX,,,
Central,Eagles,Pageland,SC,#FF0000,#C4D8E2,
Central,Bobcats,San Angelo,TX,,,
Central,,Tulsa,OK,,,
Central Catholic,Eagles,Morgan City,LA,,,
Central Catholic,Buttons,San Antonio,TX,#000000,#D4AF37,
Central High,,,OK,,,
Central Private,Redhawks,Baker,LA,,,
Central Sallisaw,,,OK,,,
Central Texas Christian,Lions,Temple,TX,,,
Chalmette,Owls,Chalmette,LA,,,
Champion,Chargers,Boerne,TX,#2C2F6C,#FFFFFF,
Chandler,,,OK,,,
Channelview,Falcons,,TX,,,
Chaparral,Bobcats,Killeen,TX,,,
Chapel Hill,Bulldogs,Tyler,TX,,,
Chapin,Eagles,Chapin,SC,#000080,#87CEEB,
Chapin,Huskies,El Paso,TX,,,
Charlotte,Trojans,Charlotte,TX,,,
Chavez,Lobos,Houston,TX,,,
Checotah,,,OK,,,
Chelsea,,,OK,,,
Cherokee,,,OK,,,
Cherokee,Indians,Cherokee,TX,,,
Chester,,,TX,,,
Chickasha,Fightin' Chicks,Chickasha,OK,#4B2E83,#B0B0B0,
Chico,Dragons,Chico,TX,,,
Childress,Bobcats,Childress,TX,#0000FF,#FFFFFF,
Chillicothe,Eagles,Chillicothe,TX,,,
Chilton,Pirates,Chilton,TX,,,
China Spring,Cougars,China Spring,TX,#87CEEB,#FFFFFF,
Chisholm,,,OK,,,
Chisholm Trail,Rangers,Fort Worth,TX,,,
Chisum,Mustangs,Paris,TX,,,
Choctaw,,,OK,,,
Choctaw,Yellow Jackets,,OK,,,
Choctawhatchee,Indians,Fort Walton Beach,FL,#4CBB17,#FFFFFF,
Chouteau-Mazie,,,OK,,,
Christ The King,Golden Lions,Lubbock,TX,,,
Christan,Bulldogs,Baytown,TX,,,
Christan,Warriors,Cypress,TX,,,
Christian,Panthers,Abilene,TX,,,
Christian,Crusaders,Azle,TX,,,
Christian,Chargers,Dallas,TX,,,
Christian,Eagles,Fort Bend,TX,,,
Christian,Cardinals,Fort Worth,TX,,,
Christian,Mustangs,Houston,TX,,,
Christian,Eagles,Lubbock,TX,,,
Christian,Mustangs,McKinney,TX,,,
Christian,Mustangs,Midland,TX,,,
Christian,Wildcats,New Braunfels,TX,#0D0918,#0D0918,
Christian,Crusaders,Round Rock,TX,,,
Christian,Lions,San Antonio,TX,,,
Christian,Warriors,The Woodlands,TX,,,
Christian ,Lions,Weatherford,TX,,,
Christian,Stars,Wichita Falls,TX,,,
Christian Heritage,,,OK,,,
Christian Heritage,Sentinels,Longview,TX,,,
Christian Homeschool,Warriors,Tomball,TX,,,
Christian School,,,OK,,,
Christoval,Cougars,Christoval,TX,,,
Church Point,Bears,Church Point,LA,,,
Churchill,Chargers,San Antonio,TX,,,
Cigarroa,Toros,Laredo,TX,,,
Cinco Ranch,Cougars,Katy,TX,,,
Cisco,Lobos,Cisco,TX,,,
Cistercian,Hawks,Irving,TX,,,
City View,Mustangs,Wichita Falls,TX,,,
Claremore,,,OK,,,
Claremore (SEQ),,,OK,,,
Clarendon,Broncos,Clarendon,TX,#000000,#FFFFFF,
Clark,Cougars,San Antonio,TX,,,
Clarksville,Tigers,Clarksville,TX,,,
Classen Sas AT Ne,,,OK,,,
Claude,Mustangs,Claude,TX,,,
Clear Brook,Wolverines,,TX,,,
Clear Creek,Wildcats,,TX,,,
Clear Falls,Knights,,TX,,,
Clear Lake,Falcons,,TX,,,
Clear Springs,Chargers,,TX,,,
Cleburne,Yellow Jackets,Cleburne,TX,#000000,#D4AF37,
Clemens,Buffaloes,Schertz,TX,,,
Clements,Rangers,Fort Bend,TX,,,
Cleveland,,Cleveland,TX,,,
Cleveland,Indians,Cleveland,TX,#FF0000,#FFFFFF,
Cleveland,Panthers,Cleveland,OK,#0B1F4D,#D4AF37,
Clifton,Cubs,Clifton,TX,#4CBB17,#FFFFFF,
Clint,Lions,Clint,TX,,,
Clinton,Red Tornadoes,Clinton,OK,,,
Clover,Blue Eagles,Clover,SC,#001F5B,#808080,
Clute Brazoswood,Buccaneers,,TX,,,
Clyde,Bulldogs,Clyde,TX,,,
Coahoma,Bulldogs,Coahoma,TX,,,
Coalgate,,,OK,,,
Coastal Christian,Badgers,Corpus Christi,TX,,,
Colcord,,,OK,,,
Coldspring-Oakhurst,Trojans,,TX,,,
Cole,Cougars,San Antonio,TX,,,
Coleman,Blue Cats,Coleman,TX,#0073cf,#FFFFFF,
College Park,Cavaliers,The Woodlands,TX,,,
College Station,Cougars,College Station,TX,#472A76,#C3C0F2,
Collegiate,Dolphins,Baton Rouge,LA,,,
Colleyville Heritage,Panthers,Colleyville,TX,,,
Collierville,Dragons,Collierville,TN,#7A1E2C,#FFFFFF,
Collins,Tigers,Klein,TX,,,
Collinsville,,,OK,,,
Collinsville,Pirates,Collinsville,TX,#06080C,#A7ACB7,
Colmesnell,Bulldogs,Colmesnell,TX,,,
Colorado City,Wolves,Colorado City,TX,,,
Colquitt County,Packers,Moultrie,GA,#000000,#FFD700,
Columbus,Cardinals,Columbus,TX,#FF0000,#FFFFFF,
Comanche,,,OK,,,
Comanche,Indians,Comanche,TX,#000000,#FFFFFF,
Comeaux,Spartans,Lafayette,LA,,,
Comfort,Bobcats,Comfort,TX,#007FFF,#CFB53B,
Commerce,,,OK,,,
Commerse ,Tigers,Commerce,TX,,,
Community Christian,,,OK,,,
Como-Pickton,Eagles,,TX,,,
Compass,Cougars,Odessa,TX,,,
Concordia Lutheran,Crusaders,Tomball,TX,,,
Connally,Cougars,Pflugerville,TX,,,
Connally,Cadets,Waco,TX,,,
Conrad,Chargers,Dallas,TX,,,
Conroe,Tigers,Conroe,TX,,,
Cooper,Cougars,Abilene,TX,#D21218,#0200AB,
Cooper,Bulldogs,Cooper,TX,,,
Cooper,Pirates,Lubbock,TX,#06050D,#707683,
Copan,,,OK,,,
Coppell,Cowboys,Coppell,TX,,,
Copperas Cove,Dawgs,Copperas Cove,TX,#0000FF,#CFB53B,
Cordell,,,OK,,,
Corn Bible Academy,,,OK,,,
Cornerstone,Warriors,San Antonio,TX,,,
Coronado,Thunderbirds,El Paso,TX,,,
Coronado,Mustangs,Lubbock,TX,,,
Corrigan-Camden,Bulldogs,,TX,,,
Corsicana,Tigers,Corsicana,TX,#4169E1,#FFD700,
Cotulla,Cowboys,Cotulla,TX,,,
Country Day,Falcons,Fort Worth,TX,,,
Covenant,Cougars,Colleyville,TX,,,
Covenant,Cougars,Conroe,TX,,,
Covenant,Knights,Dallas,TX,,,
Covenant Christian Academy,Lions,Houma,LA,,,
Covenant classical,Cavaliers,Fort Worth,TX,,,
Covington,Lions,Covington,LA,,,
Covington-Douglas,,,OK,,,
Coweta,Tigers,,OK,,,
Coyle,,,OK,,,
Crandall,Pirates,Crandall,TX,,,
Crane,Golden Cranes,Crane,TX,#e6e6fa,#D4AF37,
Cranfills Gap,Lions,Cranfills Gap,TX,,,
Crawford,Pirates,Crawford,TX,#000000,#B0B0B0,
Crawford,Chargers,Fort Bend,TX,,,
Creekview,Mustangs,Carrollton,TX,#03535B,#8E8D92,
Crescent,,,OK,,,
Crescent City Christian,Pioneers,Metairie,LA,,,
Crockett,Cougars,Austin,TX,#000000,#CCCC66,
Crockett,Bulldogs,Crockett,TX,,,
Crooked Oak,,,OK,,,
Crosby,Cougars,Crosby,TX,,,
Crosbyton,Chiefs,Crosbyton,TX,,,
Cross Plains,Buffaloes,Cross Plains,TX,,,
Cross Roads,Bobcats,Cross Roads,TX,,,
Crossings Christian,,,OK,,,
Crowell,Wildcats,Crowell,TX,,,
Crowley,Eagles,Crowley,TX,,,
Crystal CIty,Javelinas,Crystal City,TX,,,
Cuero,Gobblers,Cuero,TX,#4CBB17,#FFFFFF,
Cumby,Trojans,Cumby,TX,,,
Cushing,Tigers,,OK,,,
Cushing,Bearkats,Cushing,TX,,,
Cy Creek,Cougars,Cypress,TX,,,
Cy Falls,Golden Eagles,Cypress,TX,,,
Cy Lakes,Spartans,Cypress,TX,,,
Cy Park,Tigers,Cypress,TX,,,
Cy Ranch,Mustangs,Cypress,TX,,,
Cy Ridge,Rams,Cypress,TX,,,
Cy Springs,Panthers,Cypress,TX,,,
Cy Woods,Wildcats,Cypress,TX,,,
Cy-Fair,Bobcats,Cypress,TX,,,
Cyril,,,OK,,,
D'Harris,Cowboys,,TX,,,
Daingerfield,Tigers,Daingerfield,TX,,,
Dalhart,Golden Wolves,Dalhart,TX,,,
Danbury,Panthers,Danbury,TX,,,
Daniel Webster,,,OK,,,
Davenport,,,OK,,,
Davenport,Wolves,San Antonio,TX,#800000,#808080,
Davis,,,OK,,,
Davis,Falcons,Aldine,TX,#000080,#C8102E,
Dawson,Dragons,,TX,,,
Dawson,Bulldogs,Dawson,TX,,,
Dawson,Eagles,Pearland,TX,,,
Dayton,Broncos,Dayton,TX,,,
De La Salle,Cavaliers,New Orleans,LA,,,
De Leon,Bearcats,De Leon,TX,#800000,#FFFFFF,
Decatur,Eagles,Decatur,TX,#4169E1 ,#FFFFFF,
Deckerville,Eagles,Deckerville,MI,,,
Deer Creek,,,OK,,,
Deer Creek - Lamont,,,OK,,,
Deer Park,Deers,Deer Park,TX,#6F263D,#FFD101,
Dei City,Eagles,,OK,,,
Dekalb,Bears,DeKalb,TX,,,
Dekaney,Wildcats,Spring,TX,#0C286D,#9DA6CA,
Del City,,,OK,,,
Del Rio,Rams,Del Rio,TX,,,
Del Valle,Cardinals,Austin,TX,#BB4236,#19110C,
Del Valle,Conquistadors,El Paso,TX,,,
Delcambre,Tigers,Delcambre,LA,,,
Delhi,Bears,Delhi,LA,,,
Delhi Charter,Gators,Delhi,LA,,,
Denham Springs,Yellow Jackets,Denham Springs,LA,,,
Denison,Yellow Jackets,Denison,TX,,,
Denmark-Olar,Vikings,Denmark,SC,#C4D8E2,#C0C0C0,
Denton,,Denton,TX,,,
Denver City,Mustangs,Denver City,TX,,,
Depew,,,OK,,,
DeRidder,Dragons,DeRidder,LA,,,
DeSoto,Eagles,DeSoto,TX,#004B23,#C5B358,
Destrahan,Wildcats,Destrahan,LA,#8B1A1A,#808080,
Detroit,Eagles,Detroit,TX,,,
Devine,War Horses,Devine,TX,#800000,#FFD700,
Dewar,,,OK,,,
Dewey,,,OK,,,
Deweyville,Pirates,Deweyville,TX,,,
Diamond Hill-Jarvis,Eagles,Fort Worth,TX,,,
Dibble,,,OK,,,
Diboll,Lumberjacks,Diboll,TX,,,
Dickinson,Gators,,TX,,,
Dickson,,,OK,,,
Dilley,Wolves,Dilley,TX,,,
Dimmitt,Bobcats,Dimmitt,TX,,,
Dobie,Longhorns,Pasadena,TX,,,
Donaldsonville,Tigers,Donaldsonville,LA,,,
Donaldsonville,Tigers,Donaldsonville,LA,,,
Donna,Redskins,Donna,TX,,,
Donna North,Chiefs,Donna,TX,,,
Douglass,,,OK,,,
Dripping Springs,Tigers,Dripping Springs,TX,#800000,#FFD700,
Drumright,,,OK,,,
Dublin,Lions,Dublin,TX,#4CBB17,#FFD700,
Dulles,Vikings,Fort Bend,TX,,,
Dumas,Demons,Dumas,TX,#FE5200,#000000,
Dunbar,Wildcats,Fort Worth,TX,,,
Duncan,,,OK,,,
Duncanville,Panthers,Duncanville,TX,#FF0000,#4169E1,
Dunham,Tigers,Baton Rouge,LA,,,
Durant,,,OK,,,
Dutch Fork,Silver Foxes,Irmo,SC,#355E3B,#C0C0C0,
Dutchtown,Griffins,Geismar,LA,,,
D’Arbonne Woods Charter,Timberwolves,Farmerville,LA,,,
E.D. White Catholic,Cardinals,Thibodaux,LA,,,
Eagle Mountain,Knights,Saginaw,TX,,,
Eagle Pass,Eagles,Eagle Pass,TX,,,
Eagle River,Wolves,Eagle River,AL,#0A1F44,#C0C0C0,
Earl Warren,Warriors,San Antonio,TX,#F5343F,#E5D6DF,
Early,Longhorns,Early,TX,#800080,#FFD700,
East,Mecklenburg,,,,,
East,Plano,,,,,
East,Weslaco,,,,,
East,Wildcats,Weslaco,,,,
East Ascension,Spartans,Gonzales,LA,,,
East Beauregard,Trojans,DeRidder,LA,,,
East Bernard,Brahmas,,,,,
East Central,Hornets,Moss Point,,,,
East Central,Hornets,San Antonio,TX,#1C1C1C,#D4AF37,
East Chambbers,Buccaneers,,,,,
East Feliciana,Tigers,Jackson,LA,,,
East Iberville,Tigers,St. Gabriel,LA,,,
East Jefferson,Warriors,Metairie,LA,,,
East Mecklenburg,,,NC,,,
East St. John,Wildcats,Reserve,LA,,,
East View,Patriots,Georgetown,TX,,,
Eastern Hills,Highlanders,Fort Worth,TX,,,
Eastlake,Falcons,El Paso,TX,,,
Eastland,Mavericks,Eastland,TX,#FF0000,#000000,
Eastside,Panthers,Austin,TX,#1F1F22,#B7B9BC,
Eastwood,Troopers,El Paso,TX,,,
Eaton,Eagles,Haslet,TX,,,
Ecole Classique,Knights,Metairie,LA,,,
Economedes,Jaguars,Edinburg,TX,,,
Edcouch-Elsa,Yellow Jackets,,TX,,,
Eden,Bulldogs,Eden,TX,,,
Edgewood,Bulldogs,Edgewood,TX,#4B2E83,#FFD100,
Edinburg,Bobcats,Edinburg,TX,,,
Edinburg North,Cougars,Edinburg,TX,,,
Edison,Bears,San Antonio,TX,,,
Edison Prep,,,OK,,,
Edisto,Cougars,Cordova,SC,#4169E1,#FFD700,
Edmond Memorial,Bulldogs,,OK,,,
Edmond North,Huskies,,OK,,,
Edmond Santa Fe,,,OK,,,
Edna,Cowboys,Edna,TX,#4169E1,#FFFFFF,
Edna Karr,Cougars,New Orleans,LA,#800080,#FFD700,
Eisenhower,,,OK,,,
Eisenhower,Eagles,Aldine,TX,#000000,#FFAC2A,
El Campo,Rice Birds,El Campo,TX,#FF0000,#FFFFFF,
El Dorado,Aztecs,El Paso,TX,,,
El Paso,Tigers,El Paso,TX,,,
El Reno,,,OK,,,
Eldorado,Eagles,Eldorado,TX,,,
Electra,Tigers,Electra,TX,,,
Elgin,Owls,,OK,,,
Elgin,Wildcats,Elgin,TX,,,
Elk City,,,OK,,,
Elkhart,Elks,Elkhart,TX,#D62828,#000000,
Elkins,Knights,Fort Bend,TX,,,
Ellender Memorial,Patriots,Houma,LA,,,
Ellender Memorial,Patriots,Houma,LA,,,
Ellison,Eagles,Killeen,TX,,,
Elmore City Pernell,,,OK,,,
Elsik,Rams,Alief,TX,#16284C,#FFFFFF,
Elton ,Indians,Elton,LA,,,
Elysian Fields,Yellow Jackets,Elysian Fields,TX,,,
Emerson,Mavericks,Frisco,TX,#6CB4EE,#0B1F4D,
Emery-Weiner,Jaguars,Houston,TX,,,
Emory Rains,Wildcats,,TX,,,
Empire,,,OK,,,
Enid,,,OK,,,
Ennis,Lions,Ennis,TX,,,
Episcopal,Knights,Baton Rouge,LA,,,
Episcopal,Knights,Bellaire,TX,,,
Episcopal School of Baton Rouge,,,LA,,,
Episcopal School of Dallas,Eagles,Dallas,TX,,,
Era,Hornets,Era,TX,,,
Estacado,Matadors,Lubbock,TX,#4169E1,#C0C0C0,
Eufaula,,,OK,,,
Eunice,Bobcats,Eunice,LA,,,
Eustace,Bulldogs,,TX,,,
Evadale,Rebels,Evadale,TX,,,
Evangel Christian Academy,Eagles,Shreveport,LA,,,
Evant,Elks,Evant,TX,,,
Everman,Bulldogs,Everman,TX,#800080,#FFD700,
Fabens,Wildcats,Fabens,TX,,,
Fairfield,Eagles,Fairfield,TX,,,
Fairland,,,OK,,,
Fairview,,,OK,,,
Fairview,Yellow Jackets,,OK,,,
Faith,Knights,Stephenville,TX,,,
Faith Academy,Knights,Bellville,TX,,,
Faith Academy,Flames,Marble Falls,TX,,,
Faith Christian,Lions,Grapevine,TX,,,
Falfurrias,Jerseys,Falfurrias,TX,,,
Falls City,Beavers,Falls City,TX,,,
False River Academy,Gators,New Roads,LA,,,
Fannindel,Falcons,Fannindel,TX,,,
Farmersville,Fighting Farmers,Farmersville,TX,,,
Farwell,Steers,Farwell,TX,,,
Faustina,Falcons,Irving,TX,,,
Fayateville,(AR),,,,,
Ferriday,Trojans,Ferriday,LA,,,
Ferris,Yellow Jackets,Ferris,TX,,,
First Baptist,Saints,Dallas,TX,#4D7897,#938A81,
First Baptist,Warriors,Pasadena,TX,,,
Flatonia,Bulldogs,Flatonia,TX,,,
Florence,Buffaloes,Florence,TX,#800080,#FFFFFF,
Floresville,Tigers,Floresville,TX,,,
Flour Bluff,Hornets,Corpus Christi,TX,#7A1E2C,#B0B0B0,
Flower Mound,Jaguars,Flower Mound,TX,,,
Floydada,Whirlwinds,Floydada,TX,#4CBB17,#FFFFFF,
Follett,Panthers,Follett,TX,,,
Fontainebleau,Bulldogs,Mandeville,LA,,,
Ford,,Quinlan,TX,,,
Ford,Panthers,Quinlan,TX,,,
Forest,Golden Eagles,Klein,TX,,,
Forestburg,Longhorns,Forestburg,TX,,,
Forestview,Jaguars,Gastonia,NC,#000000,#C0C0C0,
Forney,Jackrabbits,Forney,TX,#EFD60F,#E1E4EB,
Forsan,Buffaloes,Forsan,TX,,,
Fort Davis,Indians,Fort Davis,TX,,,
Fort Stockton,Panthers,Fort Stockton,TX,#1F4FBF,#FFFFFF,
Fossil Ridge,Sabercats,,CO,#006341,#111111,
Fossil Ridge,Panthers,Keller,TX,#000000,#C5B358,
Foster,Falcons,Richmond,TX,,,
Fox,,,OK,,,
Foyil,,,OK,,,
Franklin,(NC),,,,,
Franklin,Cougars,El Paso,TX,,,
Franklin,Lions,Franklin,TX,,,
Franklin,Hornets,New Orleans,LA,,,
Franklin,Patriots,Winnsboro,LA,,,
Frankston,Indians,Frankston,TX,,,
Frassati Catholic,Falcons,Spring,TX,,,
Frederick,,,OK,,,
Fredericksburg,Battlin' Billies,Fredericksburg,TX,#FF0000,#FFFFFF,
Freer,Buckaroos,Freer,TX,,,
Friendswood,Mustangs,,TX,,,
Friona,Chieftons,Friona,TX,,,
Frisco,Raccoons,Frisco,TX,,,
Frost,Polar Bears,Frost,TX,,,
Ft. Gibson,,,OK,,,
Fulshear,Chargers,Fulshear,TX,,,
Furr,Brahmas,Houston,TX,,,
Gaffney,Indians,Gaffney,SC,#000000,#C5A028,
Gainsville,Leopards,Gainesville,TX,#CE242C,#000000,
Galena Park,Yellow Jackets,Galena Park,TX,,,
Ganado,Indians,Ganado,TX,,,
Gans,,,OK,,,
Garber,,,OK,,,
Garden City,Bearkats,Garden City,TX,,,
Garland,Owls,Garland,TX,#000000,#FFD700,
Garrison,Bulldogs,Garrison,TX,,,
Gatesville,Hornets,Gatesville,TX,#000000,#FFB300,
Gateway,Gators,Dallas,TX,,,
Geary,,,OK,,,
Geneva,Eagles,Boerne,TX,,,
George Ranch,Longhorns,Richmond,TX,,,
George Washington Carver,Rams,New Orleans,LA,,,
George West,Longhorns,George West,TX,#800000,#FFFFFF,
Georgetown,Eagles,Georgetown,TX,#4169E1,#FFFFFF,
Giddings,Buffaloes,Giddings,TX,#000000,#C5A028,
Gilmer,Buckeyes,Gilmer,TX,#ED461A,#000000,
Gladewater,Bears,Gladwater,TX,#ED461A,#000000,
Glen Rose,Tigers,Glen Rose,TX,#FF0000,#FFFFFF,
Glenn,Grizzlies,Leander,TX,,,
Glenpool,,,OK,,,
Godley,Wildcats,Godley,TX,#2C1747,#FAEFEB,
Gold-burg,Bears,Bowie,TX,,,
Goldthwaite,Eagles,Goldthwaite,TX,#000000,#FFBA00,
Goliad,Tigers,Goliad,TX,,,
Gonzales,Apaches,Gonzales,TX,#ED461A,#000000,
Goose Creek,Gators,Goose Creek,SC,#000000,#FFD700,
Goose Creek Memorial,Patriots,Baytown,TX,,,
Gordon,Longhorns,Gordon,TX,#000000,#BB9439,
Gore,,,OK,,,
Gorman,,Gorman,TX,,,
Grace Academy,Griffins,Georgetown,TX,,,
Grace Christian,Colts,Weatherford,TX,,,
Grace Community,Chargers,Tyler,TX,,,
Grace Prep,Lions,Arlington,TX,,,
Grady,Wildcats,,TX,,,
Graford,Rabbits,Graford,TX,,,
Graham,Steers,Graham,TX,#4169E1,#FF0000,
Graham-Dustin,,,OK,,,
Granbury,Pirates,Granbury,TX,#800080,#FFD700,
Grand Oaks,Grizzlies,Conroe,TX,#F05A28,#1F4FBF,
Grand Praire,Gophers,Grand Praire,TX,,,
Grand Saline,Indians,Grand Saline,TX,,,
Grandfalls-Royalty,Cowboys,,TX,,,
Grandfield,,,OK,,,
Grandview,Zebras,Grandview,TX,#000000,#FFFFFF,
Granger,Lions,Granger,TX,,,
Grant,Cougars,Dry Prong,LA,,,
Grape Creek,Eagles,San Angelo,TX,,,
Grapeland,Sandies,Grapeland,TX,,,
Grapevine,Mustangs,Grapevine,TX,#DF0436,#FAEFEB,
Green Oaks,Giants,Shreveport,LA,,,
Greenville,Lions,Greenville,TX,,,
Greenwood,Rangers,Midland,TX,,,
Gregory-Portland,Wildcats,,TX,,,
Groesbeck,Goats,Groesbeck,TX,#FF0000,#FFFFFF,
Groom,Tigers,Groom,TX,,,
Grove,,,OK,,,
Groveton,Indians,Groveton,TX,,,
Grulla,Gators,Rio Grande City,TX,,,
Gruver,Greyhounds,Gruver,TX,#A44952,#8083A6,
Gueydan,Bears,Gueydan,LA,,,
Gunter,Tigers,Gunter,TX,,,
Gustine,Tigers,Gustine,TX,,,
Guthrie,Bluejays,,OK,,,
Guthrie,Jaguars,Guthrie,TX,,,
Guyer,Wildcats,Denton,TX,#000000,#959CA1,
Guymon,,,OK,,,
H.L. Bourgeois,Braves,Gray,LA,,,
H.L.Bourgeois,Braves,Gray,LA,,,
Hahnville,Tigers,Boutte,LA,,,
Hale Center,Owls,Hale Center,TX,,,
Hallettsville,Brahmas,Hallettsville,TX,#800000,#FFFFFF,
Hallsville,Bobcats,Hallsville,TX,#4F148D,#DEC2B7,
Haltom,Buffaloes,Fort Worth,TX,,,
Hamilton,Bulldogs,Hamilton,TX,#FF0000,#000000,
Hamilton Christian Academy,Warriors,Lake Charles,LA,,,
Hamlin,Pied Pipers,Hamlin,TX,#1F7A3A,#FFFFFF,
Hammond Magnet,Tornadoes,Hammond,LA,,,
Hamshire-Fannett,Longhorns,Hamshire,TX,#4169E1,#C5A028,
Hanks,Knights,El Paso,TX,,,
Hanna,Golden Eagles,Brownsville,TX,,,
Hanson Memorial,Tigers,Franklin,LA,,,
Happy,Cowboys,Happy,TX,,,
Hardin,Hornets,Hardin,TX,,,
Hardin-Jefferson,Hawks,,TX,,,
Harker Heights,Knights,Killeen,TX,#C60A1D,#000000,
Harlan,Hawks,San Antonio,TX,,,
Harlandale,Indians,San Antonio,TX,,,
Harleton,Wildcats,Harleton,TX,,,
Harlingen,Cardinals,Harlingen,TX,,,
Harlingen South,Hawks,Harlingen,TX,#204C43,#8B6963,
Harmony,Eagles,Gilmer,TX,,,
Harmony,Wildcats,Katy,TX,,,
Harmony,Mustangs,Sugar Land,TX,,,
Harper,Longhorns,Harper,TX,,,
Harrah,,,OK,,,
Harrold,Hornets,Harrold,TX,,,
Hart,Longhorns,Hart,TX,,,
Hartshorne,,,OK,,,
Haskell,,,OK,,,
Haskell,Indians,Haskell,TX,,,
Hastings,Bears,Alief,TX,#000000,#FFC002,
Haughton,Buccaneers,Haughton,LA,,,
Hawkins,Hawks,Hawkins,TX,,,
Hawley,Bearcats,Hawley,TX,,,
Haynesville,Golden Tornadoes,Haynesville,LA,,,
Hays Consolidated,Rebels,Buda,TX,,,
Healoton,,,OK,,,
Hearne,Eagles,Hearne,TX,,,
Heath,Hawks,Rockwall,TX,#AF1B11,#2A0E0B,
Heavener,,,OK,,,
Hebbronville,Longhorns,Hebbronville,TX,#FAB911,#342519,
Hebron,Hawks,Lewisville,TX,,,
Hedley,Owls,Hedley,TX,,,
Heights,Bulldogs,Houston,TX,,,
Hemphill,Hornets,Hemphill,TX,,,
Hempstead,Bobcats,Hempstead,TX,,,
Henderson,Lions,,TX,,,
Hendrickson,Hawks,Pflugerville,TX,,,
Hennessey,,,OK,,,
Henrietta,Bearcats,,TX,,,
Henryetta,,,OK,,,
Hereford,Whitefaces,Hereford,TX,#800000,#FFFFFF,
Heritage,Eagles,Fredericksburg,TX,,,
Heritage,Coyotes,Frisco,TX,,,
Heritage,Jaguars,Midlothian,TX,#FF0000,#4169E1,
Heritage Christian,Eagles,Rockwall,TX,,,
Heritage Hall,Chargers,Oklahoma City,OK,,,
Hermleigh,Cardinals,Hermleigh,TX,,,
Hernando,(FL),,,,,
Hickory Ridge,(NC),,,,,
Hico,Tigers,Hico,TX,#FF0000,#FFFFFF,
Hidalgo,Pirates,Hidalgo,TX,,,
High Island,,,TX,,,
Highland,Hornets,Roscoe,TX,,,
Highland Baptist Christian,Bears,New Iberia,LA,,,
Highland Park,Hornets,Amarillo,TX,,,
Highland Park,Scots,Dallas,TX,,,
Highlands,Owls,San Antonio,TX,,,
Hightower,Hurricanes,Fort Bend,TX,,,
Hill Country,Wolves,,TX,,,
Hill Country,Knights,Austin,TX,,,
Hillcrest,Panthers,Dallas,TX,,,
Hilldale,,,OK,,,
Hillsboro,Eagles,Hillsboro,TX,,,
Hilton Head,Seahawks,Hilton Head,SC,#001F5B,#C4D8E2,
Hinton,,,OK,,,
Hirschi,Huskies,Wichita Falls,TX,#87CEEB,#8B0000,
Hitchcock,Bulldogs,Hitchcock,TX,,,
Hobart,,,OK,,,
Holdenville,,,OK,,,
Holland,Hornets,Holland,TX,,,
Holland Hall,,,OK,,,
Holliday,Eagles,Holliday,TX,#FDA695,#8E94AE,
Hollis,,,OK,,,
Holmes,Huskies,San Antonio,TX,,,
Holy Cross,Knights,San Antonio,TX,,,
Holy Savior Menard,Eagles,Alexandria,LA,,,
Homeny,,,OK,,,
Homer,Pelicans,Homer,LA,,,
Homeschool,Rattlers,Atlas,TX,,,
Hondo,Owls,Hondo,TX,,,
Honey Grove,Warriors,Honey Grove,TX,,,
Hooker,,,OK,,,
Hooker,Bulldogs,,OK,,,
Hooks,Hornets,Hooks,TX,,,
Horizon,Scorpions,Clint,TX,,,
Horn,Jaguars,Mesquite,TX,,,
Hough,(NC),,,,,
Houma Christian,Warriors,Houma,LA,,,
Howe,Bulldogs,Howe,TX,,,
HSAA,Angels,Dallas,TX,,,
Hubbard,Jaguars,Hubbard,TX,,,
Huckabay,Indians,Huckabay,TX,,,
Huffman Hargrave,Falcons,,TX,,,
Hughes Springs,Mustangs,Hughes Springs,TX,,,
Hugo,,,OK,,,
Hulbert,,,OK,,,
Hull-Daisetta,Bobcats,,TX,,,
Humble,Wildcats,Humble,TX,#4603D9,#80826E,
Huntington,Red Devils,Huntington,TX,#420B0B,#F1E3DE,
Huntington,Raiders,Shreveport,LA,,,
Huntsville,Hornets,Huntsville,TX,#228B22,#FFFFFF,
Hutto,Hippos,Hutto,TX,#D25D12,#FFFFFF,
Idabel,,,OK,,,
Idalou,Wildcats,Idalou,TX,,,
IMG Academy,Ascenders,Bradenton,FL,,,
Imlay City,Spartans,,MI,,,
Independence,Patriots,Charlotte,NC,#4CBB17,#FFD700,
Independence,Knights,Frisco,TX,,,
Industrial,Cobras,Vanderbilt,TX,,,
Ingleside,Mustangs,Ingleside,TX,,,
Ingram Moore,Warriors,Ingram,TX,#FF0000,#000000,
Inola,,,OK,,,
Inspired Vision,Eagles,Dallas,TX,,,
Iola,Bulldogs,Iola,TX,,,
Iota,Bulldogs,Iola,LA,,,
Iowa,Yellow Jackets,Iowa,LA,,,
Iowa Colony,Pioneers,Alvin,TX,,,
Iowa Park,Hawks,Iowa Park,TX,,,
Ira,Bulldogs,Ira,TX,,,
Iraan,Braves,Iraan,TX,,,
Iredell,Dragons,Iredell,TX,,,
Irion County,Hornets,Irion County,TX,,,
Irvin,Rockets,El Paso,TX,,,
Irving,Tigers,Irving,TX,,,
Istrouma,Indians,Baton Rouge,LA,,,
Italy,Gladiators,Italy,TX,#F09D0A,#F0F2F9,
Itasca,Wampus Cats,Itasca,TX,#020A25,#8D8EC7,
Jacksboro,Tigers,Jacksboro,TX,,,
Jacksonville,Indians,Jacksonville,TX,#4169E1,#FFD700,
Jarrell,Cougars,Jarrell,TX,,,
Jasper,Bulldogs,Jasper,TX,#990000,#FFFFFF,
Jay,,,OK,,,
Jay,Mustangs,San Antonio,TX,,,
Jayton,Jaybirds,Jayton,TX,,,
Jeanerette,Tigers,Jeanerette,LA,,,
Jefferson,Bulldogs,,TX,,,
Jefferson,Patriots,Dallas,TX,,,
Jefferson,Silver Foxes,El Paso,TX,,,
Jefferson,Mustangs,San Antonio,TX,,,
Jena,Giants,Jena,LA,,,
Jena,Giants,Jena,LA,,,
Jenks,Trojans,,OK,,,
Jennings,Bulldogs,Jennings,LA,,,
Jersey Village,Falcons,Houston,TX,,,
Jesuit,Rangers,Dallas,TX,,,
Jewel M. Sumner,Cowboys,Kentwood,LA,,,
Jewett Leon,Cougars,,TX,,,
Jim Ned,Indians,Tuscola,TX,,,
Joaquin,Rams,Joaquin,TX,,,
John Cooper ,Dragons,The Woodlands,TX,,,
John Ehret,Patriots,Marrero,LA,,,
John Marshall,,,OK,,,
John Paul II,Guardians,Schertz,TX,,,
Johnson,Jaguars,Buda,TX,#253CA6,#9C9BE3,
Johnson,Jaguars,San Antonio,TX,,,
Johnson City,Eagles,Johnson City,TX,,,
Jones,Longhorns,,OK,,,
Jonesboro,,,TX,,,
Jonesboro-Hodge,Tigers,Jonesboro,LA,,,
Jordan,Warriors,Katy,TX,,,
Joshua,Owls,Joshua,TX,#000000,#1F4FBF,
Jourdanton,Indians,Jourdanton,TX,,,
Juarez-Lincoln,Huskies,La Joya,TX,,,
Judson,Rockets,Converse,TX,#FF0000,#808080,
Junction,Eagles,Junction,TX,,,
Kansas,,,OK,,,
Kaplan,Pirates,Kaplan,LA,,,
Karnes City,Badgers,Karnes City,TX,,,
Kashmere,Rams,Houston,TX,,,
Katy,Tigers,Katy,TX,#FF0000,#FFFFFF,
Katy,Tigers,Katy,TX,,,
Kaufman,Lions,Kaufman,TX,,,
Keller,Indians,Keller,TX,,,
Kelly,Bulldogs,Beaumont,TX,,,
Kellyville,,,OK,,,
Kemp,Yellow Jackets,Kemp,TX,,,
Kempner,Cougars,Fort Bend,TX,,,
Kenedy,Lions,Kenedy,TX,#5D1320,#E6D4E0,
Kennedale,Wildcats,Kennedale,TX,#4CBB17,#FFFFFF,
Kennedy,Rockets,San Antonio,TX,,,
Kentwood,Kangaroos,Kentwood,LA,,,
Keota,,,OK,,,
Kerens,Bobcats,Kerens,TX,,,
Kermit,Yellow Jackets,Kermit,TX,,,
Ketchum,,,OK,,,
Keys,,Parkhill,OK,,,
Kiefer,,,OK,,,
Kilgore,Bulldogs,Kilgore,TX,#FF0000,#FFFFFF,
Killeen,Kangaroos,Killeen,TX,,,
Kimball,Knights,Dallas,TX,,,
Kinder,Yellow Jackets,Kinder,LA,,,
King,Mustangs,Corpus Christi,TX,,,
King,Brahmas,Kingsville,TX,#080706,#E6DBC5,
Kingdom Prep,Warriors,Lubbock,TX,,,
Kingfisher,,,OK,,,
Kingston,,,OK,,,
Kingsville,,,TX,,,
Kingwood,Mustangs,Humble,TX,,,
Kingwood Park,Panthers,Humble,TX,,,
Kinkaid,Falcons,Houston,TX,,,
Kipp Sunnyside,Senators,Houston,TX,,,
Kirbyville,Wildcats,Kirbyville,TX,,,
Klein,BearKats,Klein,TX,,,
Klondike,,Lamesa,TX,,,
Klondike,Cougars,Lamesa,TX,,,
Knippa,RockCrushers,Knippa,TX,,,
Knox City,Greyhounds,Knox City,TX,,,
Konawa,,,OK,,,
Kopperl,Eagles,Kopperl,TX,,,
Kountze,,,TX,,,
Kremlin- Hillsdale,,,OK,,,
Kress,Kangaroos,Kress,TX,,,
Krum,Bobcats,Krum,TX,,,
L.D. Bell,Blue Raiders,Hurst,TX,,,
La Feria,Lions,La Feria,TX,,,
La Grange,Leopards,La Grange,TX,#800080,#FFD700,
La Jolla,Vikings,CA,,,,
La Joya,Coyotes,La Joya,TX,,,
La Marque,Cougars,La Marque,TX,#001F5B,#FFD700,
La Porte,Bulldogs,,TX,,,
La Pryor,Bulldogs,La Pryor,TX,,,
La Vega,Pirates,Waco,TX,#0033A0,#FFC72C,
La Verne,,,OK,,,
La Vernia,Bears,La Vernia,TX,#354B99,#FFFFFF,
La Villa,Cardinals,La Villa,TX,,,
Lafayette,Lions,Lafayette,LA,,,
Lafayette Christian Academy,Eagles,Lafayette,LA,,,
Lafayette Renaissance Charter,Tigers,Lecompte,LA,,,
Lago Vista,Vikings,Lago Vista,TX,#4169E1,#FFD700,
Lake Arthur,Tigers,Lake Arthur,LA,,,
Lake Belton,Broncos,Temple,TX,#FF0000,#C0C0C0,
Lake Charles College Prep,Trailblazers,Lake Charles,LA,,,
Lake Country,Eagles,Fort Worth,TX,,,
Lake Creek,Lions,Montgomery,TX,,,
Lake Dallas,Falcons,Corinth,TX,#26A64A,#FFFFFF,
Lake Highlands,Wildcats,Richardson,TX,,,
Lake Ridge,Eagles,Mansfield,TX,,,
Lake Travis,Cavaliers,Austin,TX,#D22630,#000000,
Lake View,Chiefs,San Angelo,TX,#1F4FBF,#B0B0B0,
Lake Worth,Bullfrogs,Lake Worth,TX,#4CBB17,#FFFFFF,
Lakeland,Dreadnaughts,Lakeland,FL,#000000,#FFA500,
Lakeshore,Titans,Mandeville,LA,,,
Lakeside,Warriors,Sibley,LA,,,
Lakeview,Gators,Campti,LA,,,
Lakeview Centennial,Patriots,Garland,TX,,,
Lamar,Vikings,Arlington,TX,#505BB4,#E5E6EE,
Lamar,Texans,Houston,TX,#001F5B,#FFFFFF,
Lamar Consolidated,Mustangs,,TX,,,
Lamesa,,Lamesa,TX,,,
Lamesa,Golden Tornadoes,Lamesa,TX,,,
Lampasas,Badgers,Lampasas,TX,#00009C,#FFFFFF,
Lancaster,Tigers,Lancaster,TX,,,
Langham Creek,Lobos,Houston,TX,,,
Lanier,Voks,San Antonio,TX,,,
LaSalle,Tigers,Olla,LA,,,
Laverna,Tigers,,OK,,,
Lawton,,,OK,,,
Lazbuddie,Longhorns,Lazbuddie,TX,,,
LBJ,Jaguars,Austin,TX,#613393,#FFFFFF,
LBJ,Wolves,Laredo,TX,,,
Leakey,Eagles,Leakey,TX,,,
Leander,Lions,Leander,TX,#0B0DB2 ,#EF191D,
Lebannon Trail,Trail Blazers,Frisco,TX,,,
Lee,Ganders,Baytown,TX,#6A1F2B,#FFFFFF,
Lee,Rebels,Midland,TX,#800000,#FFFFFF,
Lee,Volunteers,San Antonio,TX,,,
Leesville,Wampus Cats,Leesville,LA,,,
Lefors,Pirates,Lefors,TX,,,
Legacy,Titans,Houston,TX,,,
Legacy,Broncos,Mansfield,TX,,,
Legacy,Leopards,Wichita Falls,TX,,,
Legacy Christian,Warriors,Beaumont,TX,,,
Legacy Christian,Eagles,Frisco,TX,,,
Lehman,Lobos,Kyle,TX,,,
Leonard,Tigers,Leonard,TX,,,
Levelland,Lobos,Levelland,TX,,,
Lewisville,Fighting Farmers,Lewisville,TX,,,
Lexington,,,OK,,,
Lexington,Eagles,Lexington,TX,,,
Liberty,,,OK,,,
Liberty,Redhawks,Frisco,TX,,,
Liberty,Panthers,Liberty,TX,,,
Liberty,Patriots,Lubbock,TX,,,
Liberty Christian,Warriors,Argyle,TX,,,
Liberty Hill,Panthers,Liberty Hill,TX,#800080,#FFD700,
Liberty Magnet,Patriots,Baton Rouge,LA,,,
Liberty-Eylau,Leopards,Texarkana,TX,#431330,#EBE1F5,
Life,Mustangs,Waxahachie,TX,,,
Life Oak Cliff,Lions,Dallas,TX,,,
Lincoln,Fighting Zebras,CA,,,,
Lincoln,Tigers,Dallas,TX,,,
Lincoln Christian,Bulldogs,Tulsa,OK,,,
Lincoln Preparatory,Panthers,Grambling,LA,,,
Lindale,Eagles,Lindale,TX,#3D3D45,#C8C9E5,
Linden-Kildare,Tigers,,TX,,,
Lindsay,,,OK,,,
Lindsay,Knights,Lindsay,TX,,,
Lingleville,,,TX,,,
Lipan,Indians,Lipan,TX,,,
Little Axe,,,OK,,,
Little Cypress-Mauriceville,Bears,,TX,#BE7A09,#AAA3B7,
Little Elm,Lobos,Little Elm,TX,,,
Little River Academy,Bumblebees,Little River,TX,#006633,#FFCC00,
Littlefield,Wildcats,Littlefield,TX,,,
Live Oak,Falcons,Waco,TX,,,
Live Oak,Eagles,Watson,LA,,,
Livingston,Lions,,TX,,,
Llano,Yellow Jackets,Llano,TX,#000000,#FFA500,
Lockhart,Lions,Lockhart,TX,,,
Lockney,Longhorns,Lockney,TX,,,
Locust Grove,,,OK,,,
Logansport,Tigers,Logansport,LA,,,
Logansport,Tigers,Logansport,LA,,,
Logos Prep,Lions,Sugar Land,TX,,,
Lohn,Eagles,Lohn,TX,,,
Lometa,,,TX,,,
London,Pirates,Corpus Christi,TX,#7A1E2C,#FFFFFF,
Lone Grove,,,OK,,,
Lone oak,Buffaloes,Lone Oak,TX,,,
Lone Star,Rangers,Frisco,TX,#041548,#C5CADD,
Long Creek,Dragons,New Braunfels,TX,#1A2349,#CACFEB,
Longview,Lobos,Longview,TX,#22422E,#F8BF17,
Loop,Longhorns,Loop,TX,,,
Lopez,Lobos,Brownsville,TX,#031A87,#CBC9D5,
Loranger,Wolves,Loranger,LA,,,
Loreauville,Tigers,Loreauville,LA,,,
Loreauville,Tigers,Loreauville,LA,,,
Lorena,Leopards,Lorena,TX,,,
Lorenzo,Hornets,Lorenzo,TX,,,
Los Fresnos,Falcons,Los Fresnos,TX,#3D2326,#D5D3E1,
Louise,Hornets,Louise,TX,,,
Lovejoy,Leopards,,TX,,,
Lovelady,Lions,Lovelady,TX,,,
Loyola College Prep,Flyers,Shreveport,LA,,,
Lubbock,Westeners,Lubbock,TX,#9EA2A8,#FFFFFF,
Lueders-Avoca,Raiders,,TX,,,
Lufkin,Panthers,Lufkin,TX,,,
Luling,Eagles,Luling,TX,#4CBB17,#FFFFFF,
Lumberton,Raiders,,TX,,,
Lutcher,Bulldogs,Lutcher,LA,,,
Lutcher,Bulldogs,Lutcher,LA,,,
Luther,,,OK,,,
Lutheran South,Pioneers,Houston,TX,,,
Lyford,Bulldogs,Lyford,TX,,,
Lytle,Pirates,Lytle,TX,,,
Mabank,Panthers,,TX,,,
MaCarthur,,,OK,,,
MacArthur,Generals,Aldine,TX,#CD2027,#FFFFFF,
MacArthur,Cardinals,Irving,TX,,,
MacArthur,Brahmas,San Antonio,TX,,,
Madill,,,OK,,,
Madison,Trojans,Dallas,TX,,,
Madison,Marlins,Houston,TX,,,
Madison,Mavericks,San Antonio,TX,,,
Madison Preparatory Academy,Chargers,Baton Rouge,LA,,,
Madison Preparatory Academy,Chargers,Baton Rouge,LA,,,
Madisonville,Mustangs,Madisonville,TX,,,
Magnolia,Bulldogs,Magnolia,TX,,,
Magnolia West,Mustangs,Magnolia,TX,,,
Malakoff,Tigers,Malakoff,TX,#000000,#D4AF37,
Mangham,Dragons ,Mangham,LA,,,
Mangum,,,OK,,,
Mannford,,,OK,,,
Manor,Mustangs,Manor,TX,#000000,#FF0000,
Mansfield,Tigers,Mansfield,TX,,,
Manvel,Mavericks,,TX,,,
Many,Tigers,Many,LA,,,
Marble Falls,Mustangs,Marble Falls,TX,#800080,#FFD700,
Marcus,Marauders,Flower Mound,TX,,,
Marfa,Shorthorns,Marfa,TX,,,
Marietta,,,OK,,,
Marion,Bulldogs,Marion,TX,,,
Marksville,Tigers,Marksville,LA,,,
Marlin,Bulldogs,Marlin,TX,,,
Marlow,,,OK,,,
Marlow,Outlaws,,OK,,,
Marshall,Buffaloes,Fort Bend,TX,#0D0918,#909EBB,
Marshall,Mavericks,Marshall,TX,,,
Marshall,Rams,San Antonio,TX,,,
Mart,Panthers,Mart,TX,#800080,#FFD700,
Martin,Warriors,Arlington,TX,#1C1B1E,#A8A8A7,
Martin,Tigers,Laredo,TX,,,
Mason,Punchers,Masson,TX,#320065,#FFFFFF,
Mathis,Pirates,Mathis,TX,,,
Maud,,,OK,,,
Maud,Cardinals,Maud,TX,,,
May,,,TX,,,
Mayde Creek,Rams,Katy,TX,,,
Mayperal,Panthers,Maypearl,TX,,,
Maysville,,,OK,,,
McAlester,Buffaloes,,OK,,,
McAllen,Bulldogs,McAllen,TX,,,
McCallum,Knights,Austin,TX,#2F55A4,#E6EBF2,
McCamey,Badgers,McCamey,TX,,,
McCollum,Cowboys,San Antonio,TX,,,
McDade,Bulldogs,McDade,TX,,,
McDonogh 35,Rpneagles,New Orleans,LA,,,
McGavock,(NC),,,,,
McGregor,Bulldogs,McGregor,TX,,,
McKeel Academy,(FL),,,,,
McKinley,Panthers,Baton Rouge,LA,,,
McKinney,Lions,McKinney,TX,,,
McKinney North,Bulldogs,McKinney,TX,,,
Mclain,,,OK,,,
McLean,Tigers,McLean,TX,,,
Mcloud,,,OK,,,
McNeil,Mavericks,Austin,,,,
McNeil,Mavericks,Round Rock,TX,,,
Meadow,Broncos,,TX,,,
Medford,,,OK,,,
Medina,Bobcats,,TX,,,
Medina Valley,Panthers,Castroville,TX,#8A2316,#DFE1EB,
Meeker,,,OK,,,
Melissa,Cardinals,Melissa,TX,#C8102E,#FFFFFF,
Memorial,Warriors,Frisco,TX,#000000,#FFD100,
Memorial,Mustangs,Houston,TX,,,
Memorial,Mustangs,McAllen,TX,,,
Memorial,Mavericks,Pasadena,TX,,,
Memorial,Titans,Port Arthur,TX,,,
Memorial,Minutemen,San Antonio,TX,,,
Memorial,Wildcats,Tomball,TX,,,
Memorial,Mavericks,Wichita Falls,TX,,,
Memphis,Cyclones,Memphis,TX,,,
Menard,Eagles,Alexandria,LA,,,
Menard,Yellow Jackets,Menard,TX,,,
Mentorship,Chargers,Baton Rouge,LA,,,
Mercedes,Tigers,,TX,,,
Mercy Culture Prep,Royals,,TX,,,
Meridian,Yellow Jackets,Meridian,TX,#000000,#D4AF37,
Merkel,Badgers,Merkel,TX,,,
Merritt,,,OK,,,
Merryville,Panthers,Merryville,LA,,,
Mesquite,Skeeters,Mesquite,TX,,,
Metairie Park Country Day,Cajuns,,,,,
Metro Christian,,,OK,,,
Metro Christian,Patriots,Tulsa,OK,,,
Mexia,Black Cats,Mexia,TX,#000000,#FF0000,
Miami,,,OK,,,
Miami,Warriors,Miami,TX,,,
Miami Central,Rockets,Miami,FL,#4CBB17,#FFFFFF,
Mid-Carolina,Rebels,Prosperity,SC,#000000,#FF0000,
Midland,Bulldogs,Midland,TX,,,
Midland,Rbeels,Midland,LA,,,
Midland Valley,(SC),,,,,
Midlothian,Panthers,Midlothian,TX,,,
Midway,,,OK,,,
Midway,Panthers,Hewitt,TX,#020406,#DEE2EF,
Midwest City,,,OK,,,
Milano,Eagles,Milano,TX,,,
Milby,Buffaloes,Houston,TX,#171F36,#A99D8A,
Mildred,Eagles,Corsicana,TX,,,
Miles,Bulldogs,Miles,TX,,,
Miller,Buccaneers,Corpus Christi,TX,,,
Millsap,Bulldogs,Millsap,TX,,,
Millwood,Falcons,,OK,,,
Minco,,,OK,,,
Minden,Crimson Tide,Minden,LA,,,
Mineola,Yellow Jackets,Mineola,TX,,,
Mineral Wells,Rams,Mineral Wells,TX,#FF0000,#000000,
Mission,Eagles,Mission,TX,,,
Molina,Jaguars,Dallas,TX,,,
Monahans,Lobos,Monahans,TX,,,
Monte Alto,,,TX,,,
Monterey,Plainsmen,Lubbock,TX,#D62828,#B0B0B0,
Montgomery,Bears,Montgomery,TX,#800080,#FFD700,
Montgomery,Tigers,Montgomery,LA,,,
Montwood,Rams,El Paso,TX,,,
Moody,Trojans,Corpus Christi,TX,,,
Moody,Bearcats,Moody,TX,,,
Moore,,,OK,,,
Mooreland,,,OK,,,
Moran,Bulldogs,Moran,TX,,,
Morgan,Eagles,Morgan,TX,,,
Morris,,,OK,,,
Morrison,,,OK,,,
Morton,Indians,Morton,TX,,,
Morton Ranch,Mavericks,Katy,TX,,,
Motley County,Matadors,,TX,,,
Mounds,,,OK,,,
Mount Calm,Panters,Mount calm,TX,,,
Mount Enterprise,Wildcats,Mount Enterprise,TX,,,
Mount Pleasant,Tigers,,TX,,,
Mount St. Mary,,,OK,,,
Mount Vernon,Tigers,Mount Vernon,TX,,,
Mountain View,Lobos,Clint,TX,,,
Mt. View-Gotebo,,,OK,,,
Muenster,Hornets,Muenster,TX,,,
Muldrow,,,OK,,,
Muleshoe,Mules,Muleshoe,TX,#000000,#FFFFFF,
Mullin,Bulldogs,Mullin,TX,,,
Munday,Moguls,Munday,TX,,,
Muskogee,Roughers,,OK,,,
Mustang,Broncos,,OK,,,
Naaman Forrest,Rangers,Garland,TX,,,
Nacogdoches,Dragons,Nacogdoches,TX,,,
Natalia,Mustangs,Natalia,TX,,,
Natchitoches Central,Chiefs,Natchitoches,LA,,,
Nathan Hale,,,OK,,,
Natomas,Nighthawks,CA,,,,
Navarro,Vikings,Austin,TX,#1B1B1D,#C8A24A,
Navarro,Panthers,Geronimo,TX,#7A857C,#B8AEAF,
Navasota,Rattlers,Navasota,TX,#0033A0,#FFFFFF,
Nazarene Christian,Lions,,TX,,,
Nazareth,Swifts,Nazareth,TX,,,
Nederland,Bulldogs,Nederland,TX,,,
Needville,Blue Jays,Needville,TX,,,
Nevada Community,Braves,,TX,,,
Neville,Tigers,Monroe,LA,,,
Neville,Tigers,Monroe,LA,,,
New Boston,Lions,New Boston,TX,,,
New Braunfels,Unicorns,New Braunfels,TX,#4169E1,#FFFFFF,
New Caney,Eagles,New Caney,TX,,,
New Deal,Lions,New Deal,TX,,,
New Diana,Eagles,New Diana,TX,,,
New Home,Leopards,New Home,TX,#000000,#C8102E,
New Iberia,Yellow Jackets,New Iberia,LA,,,
New Tech,Titans,Manor,TX,#021662,#DFE1EB,
New Waverly,Bulldogs,,TX,,,
Newcastle,Bobcats,Newcastle,TX,,,
Newcastle,Racers,Newcastle,OK,#000000,#C8102E,
Newkirk,,,OK,,,
Newman Smith,Trojans,Carrollton,TX,#101012,#908685,
Newton,Eagles,Newton,TX,,,
Nimit1,Cougars,Aldine,TX,#111B44,#E9C53E,
Nimitz,Vikings,Irving,TX,,,
Nixon,Mustangs,Laredo,TX,,,
Nixon Smiley,Mustangs,,TX,,,
Noble,,,OK,,,
Nocona,Indians,Nocona,TX,,,
Nolan Catholic,Vikings,Fort Worth,TX,,,
Norman,,,OK,,,
Norman North,Timberwolves,,OK,,,
Normangee,Panthers,Normangee,TX,,,
North,Bulldogs,McKinney,,,,
North Caddo,Titans,Vivian,LA,,,
North Catahoula,Fighting Indians,Jonesville,LA,,,
North Central,Hurricanes,Lebeau,LA,,,
North Crowley,Panthers,Crowley,TX,,,
North Dallas,Bulldogs,,TX,,,
North DeSoto,Griffins,Stonewall,LA,,,
North Forest,Bulldogs,Houston,TX,,,
North Forney,Falcons,Forney,TX,,,
North Garland,Raiders,Garland,TX,,,
North Iberville,Tigers,Rosedale,LA,,,
North Lamar,Panthers,Paris,TX,,,
North Mesquite,,,TX,,,
North Rock Creek,,,OK,,,
North Shore,Mustangs,Galena Park,TX,#FF0000,#000000,
North Side,Steers,Fort Worth,TX,,,
North Vermilion,Patriots,Maurice,LA,,,
North Vermilion,Patriots,Maurice,LA,,,
Northbrook,Raiders,Houston,TX,,,
Northbrook Ragin',Raiders,,,,,
Northeast,Raiders,Austin,TX,,,
Northeast,Vikings,Pride,LA,,,
Northshore,Panthers,Slidell,LA,,,
Northside,Panthers,Houston,TX,,,
Northside,Vikings,Lafayette,LA,,,
Northside,Indians,Vernon,TX,,,
Northside Homeschool,Lions,Houston,TX,,,
Northstar Homeschool,Naturals,,TX,,,
Northwest,Texans,Justin,TX,,,
Northwest,Raiders,Opeiousas,LA,,,
Northwood,Falcons,Lena,LA,,,
Northwood,Gators,Lena,LA,,,
Northwood,Gators,Saline,LA,,,
Northwood,Chargers,SC,,,,
Northwood,Falcons,Shreveport,LA,,,
Notre Dame,Pioneers,Crowley,LA,,,
Nowata,,,OK,,,
Nueces Canyon,Panthers,Nueces Canyon,TX,,,
O'Connor,Panthers,San Antonio,TX,,,
O'Donnell,Screaming Eagles,O'Donnell,TX,,,
Oak,Panthers,Klein,TX,,,
Oak Grove,Tigers,Oak Grove,LA,,,
Oak Ridge,War Eagles,Conroe,TX,,,
Oakdale,Warriors,Oakdale,LA,,,
Oakmont,Vikings,CA,,,,
Oaks Mission,,,OK,,,
Oakwood,Panthers,Oakwood,TX,,,
Oberlin,Tigers,Oberlin,LA,,,
Oceanside Collegiate Academy,(SC),,,,,
Odem,Owls,Odem,TX,,,
Odessa,Broncos,Odessa,TX,,,
Okeene,,,OK,,,
Okemah,,,OK,,,
Okmulgee,,,OK,,,
Olgesby,Tigers,Oglesby,TX,,,
Olive,,,OK,,,
Olney,Cubs,Olney,TX,,,
Olton,Mustangs,Olton,TX,,,
Oologah-Talala,,,OK,,,
Opelousas Catholic,Vikings,Opelousas,LA,,,
Orange Grove,Bulldogs,Orange Grove,TX,#000000,#7A1E2C,
Orangefield,Bobcats,Orangefield,TX,,,
Ore City,Rebels,Ore City,TX,,,
Ouachita Christian,Eagles,Monroe,LA,,,
Ouachita Parish,Lions,Monroe,LA,,,
Our Lady of the Hills,Hawks,Kerrville,TX,,,
Overton,Mustangs,Overton,TX,,,
Owasso,Rams,Owasso,OK,,,
Ozona,Lions,Ozona,TX,,,
Pace,Vikings,Brownsville,TX,#435E4D,#FDEEEB,
Paducah,Dragons,Paducah,TX,,,
Paetow,Panthers,Katy,TX,,,
Paint Creek,Pirates,Haskell,TX,,,
Paint Rock,Indians,Paint Rock,TX,,,
Palacios,Sharks,Palacious,TX,,,
Palestine,Wildcats,Palestine,TX,,,
Palmer,Bulldogs,Palmer,TX,,,
Palmview,Lobos,La Joya,TX,,,
Palo Duro,Dons,Amarillo,TX,#4169E1,#FFFFFF,
Pampa,Harvesters,Pampa,TX,#355E3B,#FFD700,
Panama,,,OK,,,
Panhandle,Panthers,Panhandle,TX,#0B1F4D,#FFFFFF,
Pantego,Panthers,Arlington,TX,,,
Pantego Christian Academy,Panthers,,,,,
Panther Creek,Panthers,Frisco,TX,,,
Panther Creek,Panthers,Panther Creek,TX,,,
Paoli,,,OK,,,
Paradise,Panthers,Paradise,TX,,,
Paris,Wildcats,Paris,TX,,,
Parish Episcopal,Panthers,Dallas,TX,,,
Parkland,Matadors,El Paso,TX,,,
Parkview,(GA),,,,,
Parkway,Panthers,Bossier City,LA,,,
Pasadena,Eagles,Pasadena,TX,,,
Paschal,Panthers,Fort Worth,TX,,,
Paul Pewitt,Brahmas,Omaha,TX,,,
Pauls Valley,,,OK,,,
Pawhuska,,,OK,,,
Pawnee,Indians,Pawnee,TX,,,
Peabody Magnet,Warhorses,Alexandra,LA,,,
Pearce,Mustangs,Richardson,TX,,,
Pearland,Oilers,Pearland,TX,,,
Pearsall,Mavericks,Pearsall,TX,,,
Peaster,Greyhounds,Peaster,TX,,,
Pebble Hills,Spartans,El Paso,TX,,,
Pecos,Eagles,Pecos,TX,#FFC72C,#4B2E83,
Penelope,,,TX,,,
Perkins-Tryon,Demons,,OK,,,
Permian,Panthers,Odessa,TX,#000000,#FFFFFF,
Perrin-Whitt,Pirates,,TX,,,
Perry,,,OK,,,
Perryton,Rangers,Perryton,TX,,,
Petersburg,Buffaloes,Petersburg,TX,,,
Petrolia,Pirates,Petrolia,TX,#4B4F4E,#DBDBDB,
Pettus,War Eagles,Pettus,TX,,,
Pewaukee,Pirates,,,,,
Pflugerville,Panthers,Pflugerville,TX,,,
Photo 1 in the Nederland vs Brenham,Photo Gallery (224 Photos),4A Region 3 SF - Game 1,,,,
Piedmont,Wildcats,,OK,,,
Pieper,Warriors,San Antonio,TX,,,
Pilot Point,Bearcats,Pilot Point,TX,#1C1C1C,#F05A28,
Pine,Raiders,Franklinton,LA,,,
Pine Prairie,Panthers,Pine Prairie,LA,,,
Pine Tree,Pirates,Longview,TX,#78B6C5,#97C8CF,
Pineville,Rebels,Pineville,LA,,,
Pinewood,(SC),,,,,
Pinewood Prep,(SC),,,,,
Pinkston,Vikings,Dallas,TX,,,
Pioneer,Diamondbacks,,TX,,,
Pioneer-Pleasant Vale,,,OK,,,
Pittsburg,Pirates,Pittsburg,TX,#000000,#9F8E72,
Placer,Hillmen,CA,,,,
Plain Dealing,Lions,Plain Dealing,LA,,,
Plains,Cowboys,,TX,,,
Plainview,,,OK,,,
Plainview,Bulldogs,Plainview,TX,,,
Plano,Wildcats,Plano,TX,,,
Plano East,Panthers,Plano,TX,,,
Plano West,Wolves,Plano,TX,,,
Plaquemine,Green Devils,Plaquemine,LA,,,
Pleasant Grove,Hawks,Texarkana,TX,,,
Pleasanton,Eagles,,TX,,,
Pocola,,,OK,,,
Polytechnic,Patriots,Fort Worth,TX,,,
Ponca City,Wildcats,,OK,,,
Ponchatoula,Green Wave,Ponchatoula,LA,,,
Pond Creek-Hunter,,,OK,,,
Ponder,Lions,Ponder,TX,,,
Poolville,Monarchs,Poolville,TX,#2B1720,#7484A0,
Poplar Springs,Atomics,Graceville,FL,#C4D8E2,#FF0000,
Port Allen,Pelicans,Port Allen,LA,,,
Port Aransas,Marlins,,,,,
Port Barre,Red Devils,Port Barre,LA,,,
Port Isabel,Tarpons,Port Isabel,TX,,,
Port Neches-Groves,Indians,,TX,,,
Porter,Cowboys,Brownsville,TX,#ADB3B3,#F9F9F7,
Porter,Spartans,New Caney,TX,,,
Porter Consolidated,,,OK,,,
Porter-Gaud,Cyclones,Charleston,SC,#832C38,#808080,
Porum,,,OK,,,
Post,Antelopes,Post,TX,,,
Poteau,,,OK,,,
Poteau,Pirates,,OK,,,
Poteet,Pirates,Mesquite,TX,,,
Poteet,Aggies,Poteet,TX,,,
Poth,Pirates,Poth,TX,,,
Pottsboro,Cardinals,Pottsboro,TX,,,
Poynor,La Poynor,Poynor,TX,#7E1526,#CFC3BC,
Prague,,,OK,,,
Prairie Lea,Indians,,TX,,,
Prairiland,Patriots,,TX,,,
Premont,Cowboys,Premont,TX,,,
Prestonwood,Lions,Plano,TX,,,
Prestonwood Christian,lIONS,,,,,
Prestonwood North,Lions,,TX,,,
Price Carlisle,Indians,,TX,,,
Priddy,Pirates,Priddy,TX,,,
Prince of Peace,Eagles,Carrollton,TX,,,
Princeton,Panthers,Princeton,TX,,,
Pro-Vision,Warriors,Houston,TX,,,
Progreso,Red Ants,Progreso,TX,#B11932,#000000,
Prosper,Eagles,Prosper,TX,#4CAF50,#FFFFFF,
Providence,(NC),,,,,
Pryor,,,OK,,,
PSJA,Bears,Pharr,TX,,,
PSJA Memorial,Wolverines,,TX,,,
PSJA North,Raiders,,TX,,,
PSJA Southwest,Javelinas,,TX,,,
Putnam City,,,OK,,,
Putnam City North,Panthers,,OK,,,
Putnam City West,,,OK,,,
Pyron,Tigers,,OK,,,
Quanah,Indians,Quanah,TX,,,
Quapaw,,,OK,,,
Queen City,Bulldogs,,TX,,,
Quinton,,,OK,,,
Quitman,Bulldogs,Quitman,TX,,,
R.L. Turner,Lions,Carrollton,TX,#274E98,#C6D6E3,
Raines,Vikings,Jacksonville,FL,#800000,#808080,
Ralls,Jackrabbits,Ralls,TX,,,
Ranchview,Wolves,Carrollton,TX,#141621,#656476,
Randall,Raiders,Canyon,TX,#101010,#FFFFFF,
Randle,Lions,Richmond,TX,,,
Randolph,Ro-Hawks,Universal City,TX,,,
Ranger,Bulldogs,Ranger,TX,,,
Ranikn,Red Devils,Rankin,TX,,,
Rapides,Mustangs,Lecompte,LA,,,
Ravenwood,(NC),,,,,
Ray,Texans,Corpus Christi,TX,,,
Raymondville,Bearkats,Raymondville,TX,,,
Rayne,Wolves,Rayne,LA,,,
Rayville,Hornets,Rayville,LA,,,
Reagan,Raiders,Austin,TX,#4F78B8,#E9EDF2,
Reagan,Rattlers,San Antonio,TX,,,
Reagan County,Owls,Big Lake,TX,#005C97,#FFFFFF,
Red Oak,Hawks,,TX,,,
Red River,Bulldogs,Coushatta,LA,,,
Redwater,Dragons,Redwater,TX,,,
Reedy,Lions,Frisco,TX,#042F37,#BCC5E3,
Refugio,Bobcats,Refugio,TX,#080507,#D7D0E1,
Regent Prep,,,OK,,,
Regents,Knights,Austin,TX,,,
Reggs,,,OK,,,
Reicher,Cougars,Waco,TX,,,
Rejoice Christian,,,OK,,,
Rice,Bulldogs,Rice,TX,,,
Rice Consolidated,Raiders,Altair,TX,,,
Richardson,Eagles,Richardson,TX,,,
Richland,Royals,,TX,,,
Richland,Rebels,North Richland Hills,TX,,,
Richland Springs,Coyotes,Richland Springs,TX,,,
Rider,Raiders,Wichita Falls,TX,#000000,#C5B358,
Ridge Point,Panthers,Fort Bend,TX,,,
Ridgewood Preparatory,Eagles,Metairie,LA,,,
Riesel,Indians,Riesel,TX,,,
Ringgold,Redskins,Ringgold,LA,,,
Ringgold,Redskins,Ringgold,LA,,,
Ringling,,,OK,,,
Ringwood,,,OK,,,
Rio Grande City,Rattlers,Rio Grande City,TX,,,
Rio hondo,Bobcats,Rio Hondo,TX,,,
Rio Vista,Eagles,Rio Vista,TX,#108065,#B8BCC8,
Rising Star,Wildcats,Rising Star,TX,,,
River Oaks Castleberry,,,TX,,,
River Road,Wildcats,Amarillo,TX,#4B0082,#FFD700,
Rivera,Raiders,Brownsville,TX,#8B6963,#ADB3B3,
Riverside,Rangers,El Paso,TX,,,
Riverside Academy,Rebels,Reserve,LA,,,
Riviera Kaufer,Seahawks,,TX,,,
Robert Lee,Steers,,TX,,,
Robinson,Maroons,Robinson,IL,,,
Robinson,Rockets,Robinson,TX,#A3041F,#C6B7BF,
Robstown,Cotton Pickers,Robstown,TX,#F30626,#837B7C,
Roby,Lions,Roby,TX,,,
Rochelle,Hornets,Rochelle,TX,,,
Rock Hill,Blue Hawks,Prosper,TX,,,
Rockdale,Tigers,Rockdale,TX,#222127,#DED0D4,
Rockport-Fulton,Pirates,,TX,,,
Rocksprings,,,TX,,,
Rocksprings,Angoras,,TX,,,
Rockwall,Yellow Jackets,Rockwall,TX,,,
Rogers,Eagles,Rogers,TX,,,
Roland,,,OK,,,
Roma,Gladiators,,TX,,,
Rome,Wolves,Rome,GA,#FF0000,#FFD700,
Roosevelt,Mustangs,Dallas,TX,,,
Roosevelt,Eagles,Lubbock,TX,,,
Roosevelt,Rough Riders,San Antonio,TX,,,
Ropes,Eagles,Ropesville,TX,#000000,#00A651,
Roscoe,Plowboys,Roscoe,TX,,,
Rosebud-Lott,Cougars,,TX,#58709D,#333F52,
Rosehill,Eagles,TOmball,TX,,,
Rotan,YellowHammers,Rotan,TX,,,
Round Rock,Dragons,Round Rock,TX,#800000,#FFFFFF,
Rouse,Raiders,Leander,TX,,,
Rowe,Warriors,McAllen,TX,,,
Rowlett,,Garland,TX,,,
Rowlett,Eagles,Garland,TX,,,
Royal,Falcons,Brookshire,TX,#77282B,#F2D7D0,
Royal,,Simi Valley,CA,#031C18,#EBEAF8,
Royse City,Bulldogs,,TX,,,
Rudder,Rangers,Bryan,TX,#13513A,#F4F7FA,
Rule,Bobcats,Rule,TX,,,
Runge,Yellow Jackets,Runge,TX,,,
Rush Springs,,,OK,,,
Rusk,Eagles,Rusk,TX,#FC6361,#DBDCE0,
Ruston,Bearcats,Ruston,LA,#FF0000,#808080,
Ryan,,,OK,,,
Ryan,Raiders,Denton,TX,#1D1760,#BE141A,
S&S Consolidated,Rams,Sadler,TX,#CE0505,#FFB300,
Sabinal,Yellow Jackets,Sabinal,TX,,,
Sabine,Cardinals,Gladewater,TX,,,
Sabine Pass,Sharks,,TX,,,
Sachse,Mustangs,Garland,TX,,,
Sacred Heart,Indians,Hallettsville,TX,,,
Sacred Heart,Tigers,Muenster,TX,,,
Sacred Heart,Trojans,Ville Platte,LA,,,
Saginaw,Rough Riders,Saginaw,TX,#7A1E2C,#FFC72C,
Salado,Eagles,Salado,TX,#CE0505,#FFFFFF,
Salina,,,OK,,,
Sallisaw,,,OK,,,
Sam Houston,Long Tall Texans,Arlington,TX,#636D9B,#B14C4E,
Sam Houston,Tigers,Houston,TX,,,
Sam Houston,Broncos,Moss Bluff,LA,,,
Sam Houston,Hurricanes,San Antonio,TX,,,
Sam Rayburn,Texans,Pasadena,TX,,,
Samuell,Spartans,Dallas,TX,,,
San Augustine,Wolves,,TX,,,
San Benito,Greyhounds,San Benito,TX,,,
San Diego,Cavers,CA,,,,
San Diego,Vaqueros,San Diego,TX,#0057B8,#FFB300,
San Elizario,Eagles,San Elizario,TX,,,
San Marcos,Rattlers,San Marcos,TX,#4A0C76,#FFFFFF,
San Saba,Armadillos,San Saba,TX,#4A0C76,#FFB300,
Sand Springs,,,OK,,,
Sanderson,Eagles,Sanderson,TX,,,
Sands,Mustangs,,TX,,,
Sanford-Fritch,Eagles,,TX,,,
Sanger,Indians,Sanger,TX,,,
Santa Anna,,,TX,,,
Santa Fe,Indians,,TX,,,
Santa Gertrudis Academy,Pride,,TX,,,
Santa Maria,Cougars,Santa Maria,TX,,,
Santa Rosa,Warriors,,TX,,,
Santo,Wildcats,Santo,TX,,,
Sapulpa,,,OK,,,
Sapulpa,Chieftains,,OK,,,
Sasakwa,,,OK,,,
Savanna,,,OK,,,
Sayre,,,OK,,,
Scarborough,Spartans,Houston,TX,,,
Schulenburg,Shorthorns,Schulenburg,TX,#000000,#FB6A00,
Scotlandville,Hornets,Baton Rouge,LA,,,
Scurry-Rosser,Wildcats,,TX,,,
Seagoville,Dragons,Dallas,TX,,,
Seagraves,Eagles,Seagraves,TX,,,
Sealy,Tigers,Sealy,TX,,,
Second Baptist,Eagles,Houston,TX,,,
Seguin,Cougars,Arlington,TX,#84ABD8,#D5E4F5,
Seguin,Matadors,Seguin,TX,#000000,#FFB300,
Seiling,,,OK,,,
Seminole,,,OK,,,
Seminole,Indians,Seminole,TX,#000000,#FFB300,
Sequoyah,,,OK,,,
Seven Lakes,Spartans,Katy,TX,,,
Seymour,Panthers,Seymour,TX,,,
Shadow Creek,Sharks,Pearland,TX,#3F98CC,#FFFFFF,
Shallowater,Mustangs,Shallowater,TX,#D62828,#FFFFFF,
Shamrock,Fighting Irish,Shamrock,TX,,,
Sharon-Mutual,,,OK,,,
Sharpstown,Apollos,Houston,TX,,,
Sharyland,Rattlers,Mission,TX,,,
Shattuck,Indians,,OK,,,
Shawnee,,,OK,,,
Shelbyville,Dragons,Shelbyville,TX,,,
Shelton,Chargers,Dallas,TX,,,
Shepherd,Pirates,Shepherd,TX,,,
Sherman,Bearcats,Sherman,TX,,,
Shiner,Comanches,Shiner,TX,#4A0C76,#FFB300,
Shoemaker,Grey Wolves,Killeen,TX,,,
Sidney,Eagles,Sidney,TX,,,
Sierra Blanca,Vaqueros,,TX,,,
Silcox,Seals,Alpharetta,GA,,,
Silsbee,Tigers,Silsbee,TX,,,
Silver Bluff,Bulldogs,Aiken,SC,#AAAAAA,#0057B8,
Silverton,Owls,Silverton,TX,,,
Simms Bowie,Pirates,,TX,,,
Sinton,Pirates,Sinton,TX,#430000,#FFFFFF,
Skiatook,,,OK,,,
Skidmore-Tynan,Bobcats,,TX,,,
Skyline,Raiders,Dallas,TX,,,
Slaton,Tigers,Slaton,TX,,,
Slaughter Community Charter,Knights,Slaughter,LA,,,
Slidell,Tigers,Slidell,LA,,,
Smithson Valley,Rangers,San Antonio,TX,#003057,#FFFFFF,
Smithville,Tigers,Smithville,TX,,,
Smyer,Bobcats,Smyer,TX,,,
Snook,Blue Jays,Snook,TX,,,
Snyder,,,OK,,,
Snyder,Tigers,Snyder,TX,,,
Socorro,Bulldogs,El Paso,TX,,,
Somerset,Spartans,,WI,,,
Somerset,Bulldogs,Somerset,TX,,,
Somerville,Yeguas,Somerville,TX,,,
Sonora,Broncos,Sonora,TX,,,
South Anchorage,Wolverines,Anchorage,AL,#000000,#C5B358,
South Coffeyville,,,OK,,,
South Garland,Titans,Garland,TX,,,
South Grand Praire,Warriors,Grand Praire,TX,,,
South Hills,Scorpions,Fort Worth,TX,,,
South Houston,Trojans,Pasadena,TX,,,
South Lafourcine,Tarpons,Galliano,LA,,,
South Oak Cliff,Bears,Dallas,TX,,,
South Plaquemines,Hurricanes,Port Sulphur,LA,,,
South San Antonio,Bobcats,San Antonio,TX,,,
South Terrebonne,Gators,Bourg,LA,,,
Southeast,,,OK,,,
Southlake Carroll,Dragons,Southlake Carroll,TX,#108810,#000000,
Southland,Eagles,Southland,TX,,,
Southmoore,Sabercats,,OK,,,
Southside,Cardinals,San Antonio,TX,,,
Southside,Sharks,Youngsville,LA,,,
Southwest,Raiders,Fort Worth,TX,,,
Southwest,Dragons,San Antonio,TX,#1F7A3A,#B0B0B0,
Southwest Legacy,Titans,San Antonio,TX,,,
Southwood,Cowboys,Shreveport,LA,,,
Spearman,Lynx,Spearman,TX,,,
Sperry,,,OK,,,
Spiro,,,OK,,,
Splendora,Wildcats,Splendora,TX,,,
Spring,Lions,Spring,TX,,,
Spring Hill,Panthers,Longview,TX,#6CB4EE,#1F4FBF,
Spring Woods,Tigers,Houston,TX,,,
Springfield,Bulldogs,Springfield,LA,,,
Springlake Earth,Wolverines,,TX,,,
Springtown,Porcupines,Springtown,TX,#000000,#FB6A00,
Spruce,Timberwolves,Dallas,TX,,,
Spur,Bulldogs,Spur,TX,,,
St. Anant,Gators,St. Arnant,LA,,,
St. Andrew's,Highlanders,Austin,TX,,,
St. Anthony's,Yellow Jackets,San Antonio,TX,,,
St. Augustine,Purple Knights,LA,,,,
St. Augustine,Yellow Jackets,St. Augustine,FL,#832C38,#FFB300,
St. Dominic Savio,Eagles,Austin,TX,,,
St. Edmund Catholic,Blue Jays,Eunice,LA,,,
St. Frederick,Warriors,Monroe,LA,,,
St. James,Wildcats,Vacherie,LA,,,
St. James,Wildcats,Vacherie,LA,,,
St. John,Eagles,Plaquemine,LA,,,
St. John XXIII,Lions,Katy,TX,,,
St. John's,Mavericks,Houston,TX,,,
St. Joseph,Bloodhounds,Brownsville,TX,,,
St. Joseph,Eagles,Bryan,TX,,,
St. Joseph,Flyers,Victoria,TX,,,
St. Joseph's Academy,Redstickers,Baton Rouge,LA,,,
St. Louis Catholic,Saints,Lake Charles,LA,,,
St. Mark's,Lions,Dallas,TX,,,
St. Martinville,Tigers,St. Martinville,LA,,,
St. Martin’s Episcopal,Saints,Metairie,LA,,,
St. Mary's ,Rams,Taylor,TX,,,
St. Mary's Hall,Barons,San Antonio,TX,,,
St. Mary’s,Tigers,Natchitoches,LA,,,
St. Michael the Archangel,Warriors,Baton Rouge,LA,,,
St. Michael's,Warriors,Austin,TX,,,
St. Paul,Cardinals,Shiner,TX,,,
St. Paul's,Wolves,Covington,LA,,,
St. Pius X,Panthers,Houston,TX,,,
St. Thomas,Eagles,Houston,TX,,,
St. Thomas More,Cougars,Lafayette,LA,,,
Stafford,Spartans,Stafford,TX,#EA0000,#FCB326,
Stamford,Bulldogs,Stamford,TX,#2E4FA2,#FFFFFF,
Stanton,Buffaloes,Stanton,TX,,,
Star Spencer,,,OK,,,
Steele,Knights,Cibolo,TX,,,
Stephenville,Yellow Jackets,Stephenville,TX,4169E1,#FFD700,
Sterling,Rangers,Baytown,TX,#005EB8,#FFFFFF,
Sterling,Raiders,Houston,TX,,,
Sterling City,Eagles,Sterling City,TX,,,
Stevens,Falcons,San Antonio,TX,,,
Stigler,,,OK,,,
Stillwater,Pioneers,Stillwater,OK,,,
Stilwell,,,OK,,,
Stockdale,,,TX,,,
Stony Point,Tigers,Round Rock,TX,,,
Strake Jesuit,Crusaders,Houston,TX,,,
Stratford,,,OK,,,
Stratford,Spartans,Houston,TX,,,
Stratford,Elks,Stratford,TX,,,
Strawn,Greyhounds,Strawn,TX,,,
Strother,,,OK,,,
Stroud,,,OK,,,
Sudan,Hornets,Sudan,TX,,,
Sulpher Springs,Wildcats,Sulpher Springs,TX,,,
Sulphur,Bulldogs,,OK,,,
Summer Creek,Bulldogs,Humble,TX,#F05A28,#FFFFFF,
Summerville,Green Wave,Summerville,SC,#108810,#FFB300,
Summit,Jaguars,Mansfield,TX,,,
Summit Christian,,,OK,,,
Sundown,Roughnecks,Sundown,TX,,,
Sunnyvale,Raiders,Sunnyvale,TX,,,
Sunray,Bobcats,Sunray,TX,#FFC72C,#1F4FBF,
Sunset,Bison,Dallas,TX,,,
SW Covenant,,,OK,,,
Sweeny,Bulldogs,Sweeny,TX,,,
Sweetwater,Mustangs,Sweetwater,TX,,,
T.K. Gorman,Crusaders,Tyler,TX,,,
Taft,,,TX,,,
Taft,Raiders,San Antonio,TX,#6BA5C8,#4F7894,
Tahlequah,,,OK,,,
Tahoka,Bulldogs,Tahoka,TX,,,
Talihina,,,OK,,,
Tara,Trojans,Baton Rouge,LA,,,
Tarkington,Longhorns,Cleveland,TX,,,
Tascosa,Rebels,Amarillo,TX,#000000,#FFFFFF,
Tatum,Eagles,Tatum,TX,,,
Taylor,Lions,Alief,TX,#000000,#ED1B24,
Taylor,Mustangs,Katy,TX,,,
Taylor,Ducks,Taylor,TX,#0F4509,#FFFFFF,
Teague,Lions,Teague,TX,,,
Tecumseh,,,OK,,,
Temple,,,OK,,,
Temple,Wildcats,Temple,TX,#003A8F,#FFFFFF,
Temple Christian,Eagles,Fort Worth,TX,,,
Tenaha,Tigers,Tenaha,TX,,,
Terrebonne,Tigers,Houma,LA,,,
Terrell,Tigers,Terrell,TX,,,
Terry,Rangers,Rosenberg,TX,#6899E3,#4670AF,
Teurilines Catholic,Rebels,Lafayette,LA,,,
Texas,Tigers,Texarkana,TX,#074E9C,#700202,
Texas,Wind,Waco,TX,,,
Texas City,Stingarees,,TX,,,
Texhoma,,,OK,,,
Texoma Christian,Eagles,Sherman,TX,,,
Thackerville,,,OK,,,
The Colony,Cougars,,TX,,,
The Cornerstone,Warriors,McKinney,TX,,,
The Woodlands,Highlanders,The Woodlands,TX,#006838,#C8102E,
Thibodaux,Tigers,Thibodaux,LA,,,
Thomas-Fay-Custer,,,OK,,,
Thorndale,Bulldogs,Thorndale,TX,,,
Thrall,Tigers,Thrall,TX,,,
Three Rivers,Bulldogs,,TX,#000000,#D62828,
Three Way,Braves,,TX,,,
Thrive Academy,Panthers,Baton Rouge,LA,,,
Throckmorton,Greyhounds,Throckmorton,TX,,,
Tidehaven,Tigers,Tidehaven,TX,,,
Timber Creek,Falcons,Keller,TX,#3C285B,#D4D5E6,
Timberlake,,,OK,,,
Timberland,Wolves,St. Stephen,SC,#355E3B,#FFFFFF,
Timberview,Wolves,Mansfield,TX,,,
Timpson,Bears,Timpson,TX,,,
Tioga,Indians,Ball,LA,,,
Tioga,Bulldogs,Tioga,TX,,,
Tipton,,,OK,,,
Tipton,Tigers,,OK,,,
Tishomingo,,,OK,,,
Tivy,Antlers,Kerrville,TX,,,
TLC,Eagles,Abilene,TX,,,
TLC,Tigers,Cedar Hill,TX,,,
TLC,Eagles,San Angelo,TX,,,
Tolar,Rattlers,Tolar,TX,#4B0082,#FFFFFF,
Tom Bean,Tom Cats,Tom Bean,TX,#9C2810,#D5D5E2,
Tomball,Cougars,Tomball,TX,#50090B,#B0C2F1,
Tompkins,Falcons,Katy,TX,,,
Tonkawa,,,OK,,,
Travis,Rebels,Austin,TX,#CE0505,#AAAAAA,
Travis,Tigers,Fort Bend,TX,,,
Trent,,,TX,,,
Trenton,Tigers,Trenton,TX,,,
Trimble Tech,Bulldogs,Fort Worth,TX,,,
Trinidad,Trojans,Trinidad,TX,,,
Trinity,Trojans,Euless,TX,,,
Trinity,Texans,Longview,TX,,,
Trinity,Chargers,Midland,TX,,,
Trinity,Tigers,Trinity,TX,,,
Trinity Christian,Trojans,Addison,TX,,,
Trinity Christian,Lions,Lubbock,TX,,,
Trinity Christian,Eagles,Willow Park,TX,,,
Trinity Valley,Trojans,Fort Worth,TX,,,
Troup,Tigers,Troup,TX,,,
Troy,Trojans,Troy,TX,#257897,#ADB3C0,
Trump,Patriots,San Antonio,TX,,,
Tulia,Hornets,Tulia,TX,,,
Tuloso-Midway,Warriors,Corpus Christi,TX,,,
Turkey Valley,Patriots,Turkey Valley,TX,,,
Turpin,,,OK,,,
Tuttle,Tigers,,OK,,,
Tyler,Lions,Tyler,TX,#003A8F,#FFFFFF,
Tyler Lee,Red Raiders,Tyler,TX,,,
Tyrone,,,OK,,,
Ume Prep,Eagles,Dallas,TX,,,
Union,Redhawks,Tulsa,OK,,,
Union Grove,Lions,,TX,,,
Union Hill,Bulldogs,Gilmer,TX,#682125,#929AB0,
Union Parish,Farmers,Farmerville,LA,,,
United,Timber Wolves,Beaumont,TX,#F2B705,#6B1E23,
United,Longhorns,Laredo,TX,,,
United South,Panthers,Laredo,TX,,,
University,Trojans,Waco,TX,,,
University Lab,Cubs,Baton Rouge,LA,,,
University School,,Hunting Valley,OH,,,
US Grant,,,OK,,,
Uvalde,Coyotes,Uvalde,TX,,,
Valley,Patriots,,TX,,,
Valley Mills,Eagles,Valley Mills,TX,#000000,#D4AF37,
Valley View,Tigers,Pharr,TX,,,
Valley View,Eagles,Valley View,TX,,,
Valliant,,,OK,,,
Van,Vandals,Van,TX,#D62828,#B0B0B0,
Van Alstyne,Panthers,Van Alstyne,TX,,,
Van Horn,Eagles,Van Horn,TX,,,
Van Vleck,Leopards,Van Vleck,TX,,,
Vandebilt Catholic,Terriers,Houma,LA,,,
Vandegrift,Vipers,Austin,TX,#000000,#C0C0C0,
Vanguard,Vikings,Waco,TX,,,
Varnado,Wildcats,Varnado,LA,,,
Vega,Longhorns,Vega,TX,,,
Vela,Sabercats,Edinburg,TX,,,
Velma-Alma,,,OK,,,
Venus,Bulldogs,Venus,TX,,,
Verdigris,,,OK,,,
Veribest,Falcons,Veribest,TX,,,
Vermilion Catholic,Eagles,Abbeville,LA,,,
Vernon,Lions,Vernon,TX,#800000,#FFFFFF,
Veterans Memorial,Chargers,Brownsville,TX,#363B4F,#B6B7BC,
Veterans Memorial,Eagles,Corpus Christi,TX,#0B1F4D,#FFFFFF,
Veterans Memorial,Patriots,Mission,TX,,,
Veterans Memorial,Patriots,San Antonio,TX,,,
Vian,,,OK,,,
Vicotry Christian,Patriots,Decatur,TX,,,
Victoria East,Titans,Victoria,TX,#D71531,#BCC5F0,
Victoria West,Warriors,Victoria,TX,,,
Victory Christian,,,OK,,,
Vidalia,Vikings,Vidalia,LA,,,
Vidalia,Vikings,Vidalia,LA,,,
Vidor,Pirates,,TX,,,
Ville Platte,Bulldogs,Ville Platte,LA,,,
Vinita,,,OK,,,
Vista Ridge,Rangers,Cedar Park,TX,,,
W.T. White,Longhorns,Dallas,TX,,,
Waco,Lions,Waco,TX,#000000,#C8102E,
Wade Hampton,Red Devils,Greenville,SC,#BF1E2E,#2E2E2E,
Wagner,Thunderbirds,San Antonio,TX,,,
Wagoner,Bulldogs,Wagoner,OK,,,
Wakeland,Wolverines,Frisco,TX,,,
Walhalla,Razorbacks,Walhalla,SC,#000000,#4B0082,
Walker,Wildcats,Walker,LA,,,
Wall,Hawks,Wall,TX,#469F7A,#F5EFFB,
Waller,Bulldogs,,TX,,,
Walnut Grove,Wildcats,Prosper,TX,,,
Walnut Springs,,,TX,,,
Walters,,,OK,,,
Waltrip,Rams,Houston,TX,#D2171C,#DEE2EF,
Warner,,,OK,,,
Warren,Bears,Downey,CA,#121115,#E6D7BF,
Warren,Warriors,Warren,TX,,,
Warren Easton,Fighting Eagles,New Orleans,LA,,,
Washington,,,OK,,,
Washington,Eagles,Houston,TX,,,
Washington-Marion,Charging Indians,Lake Charles,LA,,,
Waskom,Wildcats,Waskom,TX,,,
Water Valley,Wildcats,Water Valley,TX,,,
Watonga,,,OK,,,
Watts,,,OK,,,
Waukomis,,,OK,,,
Waurika,,,OK,,,
Waxahachie,Indians,Waxahachie,TX,,,
Wayne,,,OK,,,
Waynoka,,,OK,,,
Waynoka,Railroaders,,OK,,,
Weatherford,Eagles,,OK,,,
Weatherford,Kangaroos,Weatherford,TX,#0033A0,#B3B8BC,
Webbers Falls,,,OK,,,
Weimar,Wildcats,Weimar,TX,,,
Weiss,Wolves,Pflugerville,TX,,,
Welch,,,OK,,,
Weleetka,,,OK,,,
Wellington,Skyrockets,Wellington,TX,,,
Wellman Union,Wildcats,,TX,,,
Welsh,Greyhounds,Welsh,LA,,,
Welsh,Greyhounds,Welsh,LA,,,
Weslaco,Panthers,Weslaco,TX,,,
Weslaco East,Wildcats,Weslaco,TX,#D5D3E1,#090E0A,
Wesleyan Christian,,,OK,,,
West,Wolves,Plano,,,,
West,Trojans,West,TX,#000000,#C8102E,
West Brook,Bruins,Beaumont,TX,#1F4FB2,#FFFFFF,
West Columbia,Roughnecks,,TX,,,
West Feliciana ,Saints,St. Francisville,LA,,,
West Feliciana,Saints,St. Francisville,LA,,,
West Fork,Gators,New Caney,TX,,,
West Hardin,Oliers,,TX,,,
West Jefferson,Buccaneers,Harvey,LA,,,
West Mesquite,Wranglers,Mesquite,TX,,,
West Monroe,Rebels,West Monroe,LA,#C8102E,#000080,
West Orange-Stark,Mustangs,,TX,,,
West Oso,Bears,Corpus Christi,TX,,,
West Ouachita,Chiefs,West Monroe,LA,,,
West Plains,Wolves,Canyon,TX,#151C2D,#709CDC,
West Rusk,Raiders,New London,TX,#0B1F4D,#FFFFFF,
West Sabine,Tigers,,TX,,,
West St. John,Rams,Edgard,LA,,,
West St. Mary,Wolfpack,Baldwin,LA,,,
West Texas,Comanches,Stinnett,TX,,,
Westbrook,Wildcats,Westbrook,TX,,,
Westbury,Huskies,Houston,TX,,,
Westbury Christian,Wildcats,Houston,TX,,,
Western Heights,,,OK,,,
Western Hills,Cougars,Fort Worth,TX,,,
Westfield,Mustangs,Spring,TX,,,
Westgate,Tigers,New Iberia,LA,,,
Westgate,Tigers,New Iberia,LA,,,
Westlake,Chaparrals,Austin,TX,#E20A17,#092DDC,
Westlake,Ram,Westlake,LA,,,
Westminster Christian,Crusaders,Opelousas,LA,,,
Westmoore,,,OK,,,
Westside,Wolves,Houston,TX,,,
Westville,,,OK,,,
Westwood,Panthers,Palestine,TX,,,
Westwood,Warriors,Round Rock,TX,,,
Wetumka,,,OK,,,
Wewoka,,,OK,,,
Wharton,Tigers,Wharton,TX,,,
Wheatley,Wildcats,Houston,TX,,,
Wheeler,Mustangs,Wheeler,TX,,,
White Castle,Bulldogs,White Castle,LA,,,
White Deer,Bucks,,TX,,,
White Oak,Roughnecks,White Oak,TX,,,
Whiteface,Antelopes,Whiteface,TX,,,
Whitehouse,Wildcats,Whitehouse,TX,#7A1E2C,#FFFFFF,
Whitesboro,Bearcats,Whitesboro,TX,,,
Whiteswright,,,TX,,,
Whitewright,Tigers,Whitewright,TX,,,
Whitharral,Panthers,Whitharrel,TX,,,
Whitney,Wildcats,Whitney,TX,#213C76,#80A7D1,
Wilburton,,,OK,,,
Wildorado,Mustangs,Wildorado,TX,,,
Will Rogers,,,OK,,,
Williamson County Homeschool,Falcons,,TX,,,
Willis,Wildcats,Willis,TX,,,
Willowridge,Eagles,Fort Bend,TX,,,
Wills Point,Tigers,,TX,,,
Wilmar-Hutchins,Eagles,,TX,,,
Wilson,,,OK,,,
Wilson,Wildcats,Dallas,TX,,,
Wilson,,Henryetta,OK,,,
Wilson,Mustangs,Wilson,TX,,,
Wimberley,Texans,Wimberley,TX,#101A4A,#ED3526,
Windthorst,Trojans,Windthorst,TX,,,
Wink,Wildcats,Wink,TX,#000000,#F05A28,
Winn,Mavericks,Eagle Pass,TX,,,
Winnfield,Tigers,Winnfield,LA,,,
Winnfield,Tigers,Winnfield,LA,,,
Winnsboro,Red Raiders,Winnsboro,TX,,,
Winona,Wildcats,Winona,TX,,,
Winston,Eagles,San Antonio,TX,,,
Winters,Blizzards,Winters,TX,,,
Wisdom,Generals,Houston,TX,,,
Wolfe City,Wolves,,TX,,,
Wolfforth Frenship,Tigers,,TX,#202020,#BDBBC9,
Woodland,,,OK,,,
Woodland,Wolves,CA,,,,
Woodland,Wolverines,Dorchester,SC,#355E3B,#FFFFFF,
Woodlawn,Panthers,Baton Rouge,LA,,,
Woodlawn,Panthers,Baton Rouge,LA,,,
Woodlawn Leadership Academy,Knights,Shreveport,LA,,,
Woodsboro,Eagles,Woodsboro,TX,#036147,#23725D,
Woodson,Cowboys,Woodson,TX,,,
Woodville,Eagles,Woodville,TX,#706464,#998D8D,
Wortham,Bulldogs,Wortham,TX,,,
Worthing,Colts,Houston,TX,,,
Wossman,Wildcats,Monroe,LA,,,
Wyandotte,,,OK,,,
Wyatt,Chaparrals,Fort Worth,TX,,,
Wylie,Bulldogs,Abilene,TX,#31286D,#FFB802,
Wylie,Pirates,Wylie,TX,,,
Wylie East,Raiders,Wylie,TX,,,
Wynnewood,,,OK,,,
Yale,,,OK,,,
Yates,Lions,Houston,TX,,,
YMLA,Lions,San Antonio,TX,,,
Yoakum,Bulldogs,Yoakum,TX,,,
Yorktown,Wildcats,Yorktown,TX,,,
Ysleta,Indians,El Paso,TX,,,
Yukon,Millers,,OK,,,
Zachary,Broncos,Zachary,LA,#000000,#87CEEB,
Zapata,Hawks,Zapata,TX,,,
Zephyr,Bulldogs,Zephyr,TX,,,
